algo,depth,run_id,handshake_ms,timestamp,cert_bytes
rsa2048,1,1,0.9027089981827885,2026-04-27T14:26:58,1127
rsa2048,1,2,0.887542002601549,2026-04-27T14:26:58,1127
rsa2048,1,3,0.8965000160969794,2026-04-27T14:26:58,1127
rsa2048,1,4,0.8755000017117709,2026-04-27T14:26:58,1127
rsa2048,1,5,0.8965000160969794,2026-04-27T14:26:58,1127
rsa2048,1,6,0.9813749929890037,2026-04-27T14:26:58,1127
rsa2048,1,7,0.9125420183409005,2026-04-27T14:26:58,1127
rsa2048,1,8,0.8902910049073398,2026-04-27T14:26:58,1127
rsa2048,1,9,0.8409160072915256,2026-04-27T14:26:58,1127
rsa2048,1,10,0.8119169797282666,2026-04-27T14:26:58,1127
rsa2048,1,11,0.8823749958537519,2026-04-27T14:26:58,1127
rsa2048,1,12,0.8847080171108246,2026-04-27T14:26:58,1127
rsa2048,1,13,1.0107499838341027,2026-04-27T14:26:58,1127
rsa2048,1,14,0.800667010480538,2026-04-27T14:26:58,1127
rsa2048,1,15,0.8044159912969917,2026-04-27T14:26:58,1127
rsa2048,1,16,0.8067079761531204,2026-04-27T14:26:58,1127
rsa2048,1,17,0.8835839980747551,2026-04-27T14:26:58,1127
rsa2048,1,18,0.8300420013256371,2026-04-27T14:26:58,1127
rsa2048,1,19,0.797415996203199,2026-04-27T14:26:58,1127
rsa2048,1,20,0.8461250108666718,2026-04-27T14:26:58,1127
rsa2048,1,21,0.7938329945318401,2026-04-27T14:26:58,1127
rsa2048,1,22,0.7942919910419732,2026-04-27T14:26:58,1127
rsa2048,1,23,0.7919170020613819,2026-04-27T14:26:58,1127
rsa2048,1,24,0.7657920068595558,2026-04-27T14:26:58,1127
rsa2048,1,25,0.7390840037260205,2026-04-27T14:26:58,1127
rsa2048,1,26,0.7301250007003546,2026-04-27T14:26:58,1127
rsa2048,1,27,0.7259999983943999,2026-04-27T14:26:58,1127
rsa2048,1,28,0.7262500002980232,2026-04-27T14:26:58,1127
rsa2048,1,29,1.0015000007115304,2026-04-27T14:26:58,1127
rsa2048,1,30,0.7572910108137876,2026-04-27T14:26:58,1127
rsa2048,1,31,0.721042015356943,2026-04-27T14:26:58,1127
rsa2048,1,32,0.7229999755509198,2026-04-27T14:26:58,1127
rsa2048,1,33,0.7669170154258609,2026-04-27T14:26:58,1127
rsa2048,1,34,0.7124999829102308,2026-04-27T14:26:58,1127
rsa2048,1,35,0.774291023844853,2026-04-27T14:26:58,1127
rsa2048,1,36,0.8531250059604645,2026-04-27T14:26:58,1127
rsa2048,1,37,0.768416008213535,2026-04-27T14:26:58,1127
rsa2048,1,38,0.7657080132048577,2026-04-27T14:26:58,1127
rsa2048,1,39,0.7212080236058682,2026-04-27T14:26:58,1127
rsa2048,1,40,0.7039580086711794,2026-04-27T14:26:58,1127
rsa2048,1,41,0.6818340043537319,2026-04-27T14:26:58,1127
rsa2048,1,42,0.676499999826774,2026-04-27T14:26:58,1127
rsa2048,1,43,0.6678329955320805,2026-04-27T14:26:58,1127
rsa2048,1,44,0.6737499788869172,2026-04-27T14:26:58,1127
rsa2048,1,45,0.8361669897567481,2026-04-27T14:26:58,1127
rsa2048,1,46,0.7091669831424952,2026-04-27T14:26:58,1127
rsa2048,1,47,0.7133329927455634,2026-04-27T14:26:58,1127
rsa2048,1,48,0.677958014421165,2026-04-27T14:26:58,1127
rsa2048,1,49,0.676166993798688,2026-04-27T14:26:58,1127
rsa2048,1,50,0.668499997118488,2026-04-27T14:26:58,1127
rsa2048,1,51,0.6575419974979013,2026-04-27T14:26:58,1127
rsa2048,1,52,0.6685830012429506,2026-04-27T14:26:58,1127
rsa2048,1,53,0.7129999867174774,2026-04-27T14:26:58,1127
rsa2048,1,54,0.8270000107586384,2026-04-27T14:26:58,1127
rsa2048,1,55,0.6884589965920895,2026-04-27T14:26:58,1127
rsa2048,1,56,0.6607499963138252,2026-04-27T14:26:58,1127
rsa2048,1,57,0.6543339986819774,2026-04-27T14:26:58,1127
rsa2048,1,58,0.6514999840874225,2026-04-27T14:26:58,1127
rsa2048,1,59,0.6555829895660281,2026-04-27T14:26:58,1127
rsa2048,1,60,0.7467909890692681,2026-04-27T14:26:58,1127
rsa2048,1,61,0.7020000193733722,2026-04-27T14:26:58,1127
rsa2048,1,62,0.6825829914305359,2026-04-27T14:26:58,1127
rsa2048,1,63,0.6748750165570527,2026-04-27T14:26:58,1127
rsa2048,1,64,0.6692080060020089,2026-04-27T14:26:58,1127
rsa2048,1,65,0.6655409815721214,2026-04-27T14:26:58,1127
rsa2048,1,66,0.7170830212999135,2026-04-27T14:26:58,1127
rsa2048,1,67,0.6657499761786312,2026-04-27T14:26:58,1127
rsa2048,1,68,0.6578750035259873,2026-04-27T14:26:58,1127
rsa2048,1,69,0.6527500227093697,2026-04-27T14:26:58,1127
rsa2048,1,70,0.6642079970333725,2026-04-27T14:26:58,1127
rsa2048,1,71,0.6697089993394911,2026-04-27T14:26:58,1127
rsa2048,1,72,0.7837500015739352,2026-04-27T14:26:58,1127
rsa2048,1,73,0.6957920268177986,2026-04-27T14:26:58,1127
rsa2048,1,74,0.7301250007003546,2026-04-27T14:26:58,1127
rsa2048,1,75,0.6849589990451932,2026-04-27T14:26:58,1127
rsa2048,1,76,0.6879169959574938,2026-04-27T14:26:58,1127
rsa2048,1,77,0.8431249880231917,2026-04-27T14:26:58,1127
rsa2048,1,78,0.6682089879177511,2026-04-27T14:26:58,1127
rsa2048,1,79,0.6674579926766455,2026-04-27T14:26:58,1127
rsa2048,1,80,0.6869590142741799,2026-04-27T14:26:58,1127
rsa2048,1,81,0.6843330047558993,2026-04-27T14:26:58,1127
rsa2048,1,82,0.6914579716976732,2026-04-27T14:26:58,1127
rsa2048,1,83,0.6730419991072267,2026-04-27T14:26:58,1127
rsa2048,1,84,0.6800830014981329,2026-04-27T14:26:58,1127
rsa2048,1,85,0.6658750062342733,2026-04-27T14:26:58,1127
rsa2048,1,86,0.7088749844115227,2026-04-27T14:26:58,1127
rsa2048,1,87,0.6680829974357039,2026-04-27T14:26:58,1127
rsa2048,1,88,0.6757079972885549,2026-04-27T14:26:58,1127
rsa2048,1,89,0.6802080024499446,2026-04-27T14:26:58,1127
rsa2048,1,90,0.8333339937962592,2026-04-27T14:26:58,1127
rsa2048,1,91,0.6888329808134586,2026-04-27T14:26:58,1127
rsa2048,1,92,0.67254199529998,2026-04-27T14:26:58,1127
rsa2048,1,93,0.7243339787237346,2026-04-27T14:26:58,1127
rsa2048,1,94,0.7327079947572201,2026-04-27T14:26:58,1127
rsa2048,1,95,0.7297499978449196,2026-04-27T14:26:58,1127
rsa2048,1,96,0.8671249961480498,2026-04-27T14:26:58,1127
rsa2048,1,97,0.7576249772682786,2026-04-27T14:26:58,1127
rsa2048,1,98,0.7432909915223718,2026-04-27T14:26:58,1127
rsa2048,1,99,0.7202079868875444,2026-04-27T14:26:58,1127
rsa2048,1,100,0.7067080005072057,2026-04-27T14:26:58,1127
rsa2048,2,1,1.0757080162875354,2026-04-27T14:27:00,2278
rsa2048,2,2,1.0609579912852496,2026-04-27T14:27:00,2278
rsa2048,2,3,1.067500008502975,2026-04-27T14:27:00,2278
rsa2048,2,4,0.9966250217985362,2026-04-27T14:27:00,2278
rsa2048,2,5,0.9915840055327863,2026-04-27T14:27:00,2278
rsa2048,2,6,1.0641250119078904,2026-04-27T14:27:00,2278
rsa2048,2,7,1.1473750055301934,2026-04-27T14:27:00,2278
rsa2048,2,8,1.0100420040544122,2026-04-27T14:27:00,2278
rsa2048,2,9,1.009790983516723,2026-04-27T14:27:00,2278
rsa2048,2,10,0.9768750169314444,2026-04-27T14:27:00,2278
rsa2048,2,11,0.9833330113906413,2026-04-27T14:27:00,2278
rsa2048,2,12,0.9524579800199717,2026-04-27T14:27:00,2278
rsa2048,2,13,1.1063329875469208,2026-04-27T14:27:00,2278
rsa2048,2,14,0.8925000147428364,2026-04-27T14:27:00,2278
rsa2048,2,15,0.8883340051397681,2026-04-27T14:27:00,2278
rsa2048,2,16,0.9055830014403909,2026-04-27T14:27:00,2278
rsa2048,2,17,0.9074590052478015,2026-04-27T14:27:00,2278
rsa2048,2,18,0.8532920037396252,2026-04-27T14:27:00,2278
rsa2048,2,19,0.84299998707138,2026-04-27T14:27:00,2278
rsa2048,2,20,0.8812920132186264,2026-04-27T14:27:00,2278
rsa2048,2,21,0.8922919805627316,2026-04-27T14:27:00,2278
rsa2048,2,22,0.8530839986633509,2026-04-27T14:27:00,2278
rsa2048,2,23,0.8455409843008965,2026-04-27T14:27:00,2278
rsa2048,2,24,0.8380840008612722,2026-04-27T14:27:00,2278
rsa2048,2,25,0.9518330043647438,2026-04-27T14:27:00,2278
rsa2048,2,26,3.4547499963082373,2026-04-27T14:27:00,2278
rsa2048,2,27,2.727709012106061,2026-04-27T14:27:00,2278
rsa2048,2,28,3.742707980563864,2026-04-27T14:27:00,2278
rsa2048,2,29,2.732834022026509,2026-04-27T14:27:00,2278
rsa2048,2,30,1.4597919944208115,2026-04-27T14:27:00,2278
rsa2048,2,31,4.097875003935769,2026-04-27T14:27:00,2278
rsa2048,2,32,1.1920830002054572,2026-04-27T14:27:00,2278
rsa2048,2,33,0.8259169990196824,2026-04-27T14:27:00,2278
rsa2048,2,34,0.7865419902373105,2026-04-27T14:27:00,2278
rsa2048,2,35,0.7198750099632889,2026-04-27T14:27:00,2278
rsa2048,2,36,0.8606250048615038,2026-04-27T14:27:00,2278
rsa2048,2,37,2.717249997658655,2026-04-27T14:27:00,2278
rsa2048,2,38,2.003499976126477,2026-04-27T14:27:00,2278
rsa2048,2,39,0.7496660109609365,2026-04-27T14:27:00,2278
rsa2048,2,40,0.7183749985415488,2026-04-27T14:27:00,2278
rsa2048,2,41,0.7011669804342091,2026-04-27T14:27:00,2278
rsa2048,2,42,0.6981659971643239,2026-04-27T14:27:00,2278
rsa2048,2,43,0.6975829892326146,2026-04-27T14:27:00,2278
rsa2048,2,44,0.7292079972103238,2026-04-27T14:27:00,2278
rsa2048,2,45,0.8775829919613898,2026-04-27T14:27:00,2278
rsa2048,2,46,0.6992919952608645,2026-04-27T14:27:00,2278
rsa2048,2,47,0.686957995640114,2026-04-27T14:27:00,2278
rsa2048,2,48,0.6931659881956875,2026-04-27T14:27:00,2278
rsa2048,2,49,0.690582994138822,2026-04-27T14:27:00,2278
rsa2048,2,50,0.6890000076964498,2026-04-27T14:27:00,2278
rsa2048,2,51,0.7138340151868761,2026-04-27T14:27:00,2278
rsa2048,2,52,0.7511250150855631,2026-04-27T14:27:00,2278
rsa2048,2,53,0.9392080246470869,2026-04-27T14:27:00,2278
rsa2048,2,54,0.7193750061560422,2026-04-27T14:27:00,2278
rsa2048,2,55,0.7203339773695916,2026-04-27T14:27:00,2278
rsa2048,2,56,0.7522919913753867,2026-04-27T14:27:00,2278
rsa2048,2,57,0.721750024240464,2026-04-27T14:27:00,2278
rsa2048,2,58,0.7297499978449196,2026-04-27T14:27:00,2278
rsa2048,2,59,0.7188750023487955,2026-04-27T14:27:00,2278
rsa2048,2,60,0.7147919968701899,2026-04-27T14:27:00,2278
rsa2048,2,61,0.6965419743210077,2026-04-27T14:27:00,2278
rsa2048,2,62,0.6937909929547459,2026-04-27T14:27:00,2278
rsa2048,2,63,0.7458750042133033,2026-04-27T14:27:00,2278
rsa2048,2,64,0.7206249865703285,2026-04-27T14:27:00,2278
rsa2048,2,65,0.6995000003371388,2026-04-27T14:27:00,2278
rsa2048,2,66,0.702582998201251,2026-04-27T14:27:00,2278
rsa2048,2,67,0.6977920129429549,2026-04-27T14:27:00,2278
rsa2048,2,68,0.6932500109542161,2026-04-27T14:27:00,2278
rsa2048,2,69,0.7581250101793557,2026-04-27T14:27:00,2278
rsa2048,2,70,0.8667079964652658,2026-04-27T14:27:00,2278
rsa2048,2,71,0.7218749960884452,2026-04-27T14:27:00,2278
rsa2048,2,72,0.7066249963827431,2026-04-27T14:27:00,2278
rsa2048,2,73,0.7049160194583237,2026-04-27T14:27:00,2278
rsa2048,2,74,0.692458008415997,2026-04-27T14:27:00,2278
rsa2048,2,75,0.7035000016912818,2026-04-27T14:27:00,2278
rsa2048,2,76,0.7226250017993152,2026-04-27T14:27:00,2278
rsa2048,2,77,0.853874982567504,2026-04-27T14:27:00,2278
rsa2048,2,78,0.7039160118438303,2026-04-27T14:27:00,2278
rsa2048,2,79,0.6985419895499945,2026-04-27T14:27:00,2278
rsa2048,2,80,0.6959160091355443,2026-04-27T14:27:00,2278
rsa2048,2,81,0.7329579966608435,2026-04-27T14:27:00,2278
rsa2048,2,82,0.7100829971022904,2026-04-27T14:27:00,2278
rsa2048,2,83,0.7426250085700303,2026-04-27T14:27:00,2278
rsa2048,2,84,0.7173750200308859,2026-04-27T14:27:00,2278
rsa2048,2,85,0.7150000019464642,2026-04-27T14:27:00,2278
rsa2048,2,86,0.6989999965298921,2026-04-27T14:27:00,2278
rsa2048,2,87,0.7111250015441328,2026-04-27T14:27:00,2278
rsa2048,2,88,0.8656670106574893,2026-04-27T14:27:00,2278
rsa2048,2,89,0.7110000005923212,2026-04-27T14:27:00,2278
rsa2048,2,90,0.7231669733300805,2026-04-27T14:27:00,2278
rsa2048,2,91,0.7143749971874058,2026-04-27T14:27:00,2278
rsa2048,2,92,0.7137089851312339,2026-04-27T14:27:00,2278
rsa2048,2,93,0.7059159979689866,2026-04-27T14:27:00,2278
rsa2048,2,94,0.7091659936122596,2026-04-27T14:27:00,2278
rsa2048,2,95,0.7496659818571061,2026-04-27T14:27:00,2278
rsa2048,2,96,0.71233298513107,2026-04-27T14:27:00,2278
rsa2048,2,97,0.7194169738795608,2026-04-27T14:27:00,2278
rsa2048,2,98,0.7363750191871077,2026-04-27T14:27:00,2278
rsa2048,2,99,0.7062500226311386,2026-04-27T14:27:00,2278
rsa2048,2,100,0.7093750173225999,2026-04-27T14:27:00,2278
rsa2048,3,1,1.109666976844892,2026-04-27T14:27:03,3429
rsa2048,3,2,1.1204589973203838,2026-04-27T14:27:03,3429
rsa2048,3,3,1.0431660048197955,2026-04-27T14:27:03,3429
rsa2048,3,4,1.0482090001460165,2026-04-27T14:27:03,3429
rsa2048,3,5,1.040916977217421,2026-04-27T14:27:03,3429
rsa2048,3,6,0.9960420138668269,2026-04-27T14:27:03,3429
rsa2048,3,7,1.1371660220902413,2026-04-27T14:27:03,3429
rsa2048,3,8,0.9903750033117831,2026-04-27T14:27:03,3429
rsa2048,3,9,0.9525830100756139,2026-04-27T14:27:03,3429
rsa2048,3,10,1.0082499939016998,2026-04-27T14:27:03,3429
rsa2048,3,11,0.9935839916579425,2026-04-27T14:27:03,3429
rsa2048,3,12,0.9335420036222786,2026-04-27T14:27:03,3429
rsa2048,3,13,1.1936249793507159,2026-04-27T14:27:03,3429
rsa2048,3,14,1.0514169989619404,2026-04-27T14:27:03,3429
rsa2048,3,15,0.9766659932211041,2026-04-27T14:27:03,3429
rsa2048,3,16,0.9531250107102096,2026-04-27T14:27:03,3429
rsa2048,3,17,0.9074170084204525,2026-04-27T14:27:03,3429
rsa2048,3,18,0.9058750001713634,2026-04-27T14:27:03,3429
rsa2048,3,19,0.9648329869378358,2026-04-27T14:27:03,3429
rsa2048,3,20,0.9077089780475944,2026-04-27T14:27:03,3429
rsa2048,3,21,0.8961249841377139,2026-04-27T14:27:03,3429
rsa2048,3,22,0.8627079951111227,2026-04-27T14:27:03,3429
rsa2048,3,23,0.8582080190535635,2026-04-27T14:27:03,3429
rsa2048,3,24,0.8882499823812395,2026-04-27T14:27:03,3429
rsa2048,3,25,0.8482499979436398,2026-04-27T14:27:03,3429
rsa2048,3,26,0.8532080100849271,2026-04-27T14:27:03,3429
rsa2048,3,27,0.9050000226125121,2026-04-27T14:27:03,3429
rsa2048,3,28,0.8546659955754876,2026-04-27T14:27:03,3429
rsa2048,3,29,0.8490000036545098,2026-04-27T14:27:03,3429
rsa2048,3,30,0.858540995977819,2026-04-27T14:27:03,3429
rsa2048,3,31,0.8673750271555036,2026-04-27T14:27:03,3429
rsa2048,3,32,0.8367499976884574,2026-04-27T14:27:03,3429
rsa2048,3,33,0.8145000028889626,2026-04-27T14:27:03,3429
rsa2048,3,34,0.8056250226218253,2026-04-27T14:27:03,3429
rsa2048,3,35,0.8037079824134707,2026-04-27T14:27:03,3429
rsa2048,3,36,0.8385830151382834,2026-04-27T14:27:03,3429
rsa2048,3,37,0.8214999979827553,2026-04-27T14:27:03,3429
rsa2048,3,38,0.8062910055741668,2026-04-27T14:27:03,3429
rsa2048,3,39,0.8060410036705434,2026-04-27T14:27:03,3429
rsa2048,3,40,0.7982919923961163,2026-04-27T14:27:03,3429
rsa2048,3,41,0.8132079965434968,2026-04-27T14:27:03,3429
rsa2048,3,42,0.9775840153452009,2026-04-27T14:27:03,3429
rsa2048,3,43,1.1388330021873116,2026-04-27T14:27:03,3429
rsa2048,3,44,0.8562500006519258,2026-04-27T14:27:03,3429
rsa2048,3,45,1.0066669783554971,2026-04-27T14:27:03,3429
rsa2048,3,46,0.810750003438443,2026-04-27T14:27:03,3429
rsa2048,3,47,0.8914159843698144,2026-04-27T14:27:03,3429
rsa2048,3,48,0.8681660110596567,2026-04-27T14:27:03,3429
rsa2048,3,49,0.8279999892693013,2026-04-27T14:27:03,3429
rsa2048,3,50,1.02041702484712,2026-04-27T14:27:03,3429
rsa2048,3,51,0.8561249997001141,2026-04-27T14:27:03,3429
rsa2048,3,52,0.8977910038083792,2026-04-27T14:27:03,3429
rsa2048,3,53,0.8637499995529652,2026-04-27T14:27:03,3429
rsa2048,3,54,0.8561669965274632,2026-04-27T14:27:03,3429
rsa2048,3,55,0.8178749994840473,2026-04-27T14:27:03,3429
rsa2048,3,56,0.8877079817466438,2026-04-27T14:27:03,3429
rsa2048,3,57,1.0957920167129487,2026-04-27T14:27:03,3429
rsa2048,3,58,0.8188330102711916,2026-04-27T14:27:03,3429
rsa2048,3,59,0.8441669924650341,2026-04-27T14:27:03,3429
rsa2048,3,60,0.8673339907545596,2026-04-27T14:27:03,3429
rsa2048,3,61,0.7910419953987002,2026-04-27T14:27:03,3429
rsa2048,3,62,0.8304999792017043,2026-04-27T14:27:03,3429
rsa2048,3,63,0.8055830257944763,2026-04-27T14:27:03,3429
rsa2048,3,64,0.7440410263370723,2026-04-27T14:27:03,3429
rsa2048,3,65,0.7811250106897205,2026-04-27T14:27:03,3429
rsa2048,3,66,0.7456659805029631,2026-04-27T14:27:03,3429
rsa2048,3,67,0.741625000955537,2026-04-27T14:27:03,3429
rsa2048,3,68,0.7473749865312129,2026-04-27T14:27:03,3429
rsa2048,3,69,0.7440420158673078,2026-04-27T14:27:03,3429
rsa2048,3,70,0.7722910086158663,2026-04-27T14:27:03,3429
rsa2048,3,71,0.7746670162305236,2026-04-27T14:27:03,3429
rsa2048,3,72,0.7984169933479279,2026-04-27T14:27:03,3429
rsa2048,3,73,1.083374983863905,2026-04-27T14:27:03,3429
rsa2048,3,74,0.7945830002427101,2026-04-27T14:27:03,3429
rsa2048,3,75,0.8046249859035015,2026-04-27T14:27:03,3429
rsa2048,3,76,0.7635839865542948,2026-04-27T14:27:03,3429
rsa2048,3,77,0.9330830071121454,2026-04-27T14:27:03,3429
rsa2048,3,78,0.7686669996473938,2026-04-27T14:27:03,3429
rsa2048,3,79,0.7943749951664358,2026-04-27T14:27:03,3429
rsa2048,3,80,0.833625002996996,2026-04-27T14:27:03,3429
rsa2048,3,81,0.807167001767084,2026-04-27T14:27:03,3429
rsa2048,3,82,0.7650839979760349,2026-04-27T14:27:03,3429
rsa2048,3,83,0.7776669808663428,2026-04-27T14:27:03,3429
rsa2048,3,84,0.7453750004060566,2026-04-27T14:27:03,3429
rsa2048,3,85,0.759374990593642,2026-04-27T14:27:03,3429
rsa2048,3,86,0.7226250017993152,2026-04-27T14:27:03,3429
rsa2048,3,87,0.7446249946951866,2026-04-27T14:27:03,3429
rsa2048,3,88,0.7893329893704504,2026-04-27T14:27:03,3429
rsa2048,3,89,0.9718340006656945,2026-04-27T14:27:03,3429
rsa2048,3,90,0.8050830219872296,2026-04-27T14:27:03,3429
rsa2048,3,91,0.7654590008314699,2026-04-27T14:27:03,3429
rsa2048,3,92,0.8032080077100545,2026-04-27T14:27:03,3429
rsa2048,3,93,0.7612499757669866,2026-04-27T14:27:03,3429
rsa2048,3,94,0.7909580017440021,2026-04-27T14:27:03,3429
rsa2048,3,95,0.8131670183502138,2026-04-27T14:27:03,3429
rsa2048,3,96,1.0139580117538571,2026-04-27T14:27:03,3429
rsa2048,3,97,0.910000002477318,2026-04-27T14:27:03,3429
rsa2048,3,98,0.8577080152463168,2026-04-27T14:27:03,3429
rsa2048,3,99,0.8851669845171273,2026-04-27T14:27:03,3429
rsa2048,3,100,0.7906249957159162,2026-04-27T14:27:03,3429
rsa2048,4,1,1.0966660047415644,2026-04-27T14:27:05,4580
rsa2048,4,2,1.0713330120779574,2026-04-27T14:27:05,4580
rsa2048,4,3,0.9942909819073975,2026-04-27T14:27:05,4580
rsa2048,4,4,0.9949590021278709,2026-04-27T14:27:05,4580
rsa2048,4,5,0.9872909868136048,2026-04-27T14:27:05,4580
rsa2048,4,6,1.274542009923607,2026-04-27T14:27:05,4580
rsa2048,4,7,0.9867910121101886,2026-04-27T14:27:05,4580
rsa2048,4,8,1.0365839989390224,2026-04-27T14:27:05,4580
rsa2048,4,9,0.9865829779300839,2026-04-27T14:27:05,4580
rsa2048,4,10,0.9730419842526317,2026-04-27T14:27:05,4580
rsa2048,4,11,1.0006669908761978,2026-04-27T14:27:05,4580
rsa2048,4,12,0.9180000051856041,2026-04-27T14:27:05,4580
rsa2048,4,13,1.0933750018011779,2026-04-27T14:27:05,4580
rsa2048,4,14,0.8839160145726055,2026-04-27T14:27:05,4580
rsa2048,4,15,0.8784169913269579,2026-04-27T14:27:05,4580
rsa2048,4,16,0.8801250078249723,2026-04-27T14:27:05,4580
rsa2048,4,17,0.8411670278292149,2026-04-27T14:27:05,4580
rsa2048,4,18,0.8587079937569797,2026-04-27T14:27:05,4580
rsa2048,4,19,0.8626670169178396,2026-04-27T14:27:05,4580
rsa2048,4,20,0.8364169916603714,2026-04-27T14:27:05,4580
rsa2048,4,21,0.8916250080801547,2026-04-27T14:27:05,4580
rsa2048,4,22,0.861792010255158,2026-04-27T14:27:05,4580
rsa2048,4,23,0.8289580000564456,2026-04-27T14:27:05,4580
rsa2048,4,24,0.8348750125151128,2026-04-27T14:27:05,4580
rsa2048,4,25,0.9980000031646341,2026-04-27T14:27:05,4580
rsa2048,4,26,0.8716669981367886,2026-04-27T14:27:05,4580
rsa2048,4,27,0.8167920168489218,2026-04-27T14:27:05,4580
rsa2048,4,28,0.7948749989736825,2026-04-27T14:27:05,4580
rsa2048,4,29,0.7952909800224006,2026-04-27T14:27:05,4580
rsa2048,4,30,0.7889999833423644,2026-04-27T14:27:05,4580
rsa2048,4,31,0.7746250194031745,2026-04-27T14:27:05,4580
rsa2048,4,32,0.8277079905383289,2026-04-27T14:27:05,4580
rsa2048,4,33,0.8157080155797303,2026-04-27T14:27:05,4580
rsa2048,4,34,0.7876669988036156,2026-04-27T14:27:05,4580
rsa2048,4,35,0.7723340240772814,2026-04-27T14:27:05,4580
rsa2048,4,36,0.7557090139016509,2026-04-27T14:27:05,4580
rsa2048,4,37,0.7444579969160259,2026-04-27T14:27:05,4580
rsa2048,4,38,0.779333000537008,2026-04-27T14:27:05,4580
rsa2048,4,39,0.792707985965535,2026-04-27T14:27:05,4580
rsa2048,4,40,0.8153329836204648,2026-04-27T14:27:05,4580
rsa2048,4,41,0.8577500120736659,2026-04-27T14:27:05,4580
rsa2048,4,42,0.7859999896027148,2026-04-27T14:27:05,4580
rsa2048,4,43,0.7660830160602927,2026-04-27T14:27:05,4580
rsa2048,4,44,0.8070830081123859,2026-04-27T14:27:05,4580
rsa2048,4,45,0.9353749919682741,2026-04-27T14:27:05,4580
rsa2048,4,46,0.7557079952675849,2026-04-27T14:27:05,4580
rsa2048,4,47,0.7511659932788461,2026-04-27T14:27:05,4580
rsa2048,4,48,0.731542007997632,2026-04-27T14:27:05,4580
rsa2048,4,49,0.6992919952608645,2026-04-27T14:27:05,4580
rsa2048,4,50,0.6997089949436486,2026-04-27T14:27:05,4580
rsa2048,4,51,0.7094160246197134,2026-04-27T14:27:05,4580
rsa2048,4,52,0.7189160096459091,2026-04-27T14:27:05,4580
rsa2048,4,53,0.6930840027052909,2026-04-27T14:27:05,4580
rsa2048,4,54,0.6995409785304219,2026-04-27T14:27:05,4580
rsa2048,4,55,0.7981249946169555,2026-04-27T14:27:05,4580
rsa2048,4,56,0.7262080034706742,2026-04-27T14:27:05,4580
rsa2048,4,57,0.9343749843537807,2026-04-27T14:27:05,4580
rsa2048,4,58,0.7350840023718774,2026-04-27T14:27:05,4580
rsa2048,4,59,0.7099579961504787,2026-04-27T14:27:05,4580
rsa2048,4,60,0.7119580113794655,2026-04-27T14:27:05,4580
rsa2048,4,61,0.7020000193733722,2026-04-27T14:27:05,4580
rsa2048,4,62,0.7004580111242831,2026-04-27T14:27:05,4580
rsa2048,4,63,0.705457990989089,2026-04-27T14:27:05,4580
rsa2048,4,64,0.7326249906327575,2026-04-27T14:27:05,4580
rsa2048,4,65,0.7048340048640966,2026-04-27T14:27:05,4580
rsa2048,4,66,0.7064579986035824,2026-04-27T14:27:05,4580
rsa2048,4,67,0.7014589791651815,2026-04-27T14:27:05,4580
rsa2048,4,68,0.749250000808388,2026-04-27T14:27:05,4580
rsa2048,4,69,0.6984170177020133,2026-04-27T14:27:05,4580
rsa2048,4,70,0.7288329943548888,2026-04-27T14:27:05,4580
rsa2048,4,71,0.7154999766498804,2026-04-27T14:27:05,4580
rsa2048,4,72,0.6989169924054295,2026-04-27T14:27:05,4580
rsa2048,4,73,0.715207977918908,2026-04-27T14:27:05,4580
rsa2048,4,74,0.7489999989047647,2026-04-27T14:27:05,4580
rsa2048,4,75,0.9266659908462316,2026-04-27T14:27:05,4580
rsa2048,4,76,0.7228330068755895,2026-04-27T14:27:05,4580
rsa2048,4,77,0.8789999992586672,2026-04-27T14:27:05,4580
rsa2048,4,78,0.7035839953459799,2026-04-27T14:27:05,4580
rsa2048,4,79,0.7009999826550484,2026-04-27T14:27:05,4580
rsa2048,4,80,0.6927500071469694,2026-04-27T14:27:05,4580
rsa2048,4,81,0.6928750080987811,2026-04-27T14:27:05,4580
rsa2048,4,82,0.7033330039121211,2026-04-27T14:27:05,4580
rsa2048,4,83,0.7399580208584666,2026-04-27T14:27:05,4580
rsa2048,4,84,0.7022499921731651,2026-04-27T14:27:05,4580
rsa2048,4,85,0.7190420001279563,2026-04-27T14:27:05,4580
rsa2048,4,86,0.6925420020706952,2026-04-27T14:27:05,4580
rsa2048,4,87,0.7007909880485386,2026-04-27T14:27:05,4580
rsa2048,4,88,0.6996669981162995,2026-04-27T14:27:05,4580
rsa2048,4,89,0.7352920074481517,2026-04-27T14:27:05,4580
rsa2048,4,90,0.7156250067055225,2026-04-27T14:27:05,4580
rsa2048,4,91,0.7014170114416629,2026-04-27T14:27:05,4580
rsa2048,4,92,4.245250020176172,2026-04-27T14:27:05,4580
rsa2048,4,93,0.8516669913660735,2026-04-27T14:27:05,4580
rsa2048,4,94,0.9169580007437617,2026-04-27T14:27:05,4580
rsa2048,4,95,0.8186250051949173,2026-04-27T14:27:05,4580
rsa2048,4,96,0.8367499976884574,2026-04-27T14:27:05,4580
rsa2048,4,97,0.8659170125611126,2026-04-27T14:27:05,4580
rsa2048,4,98,0.7475829916074872,2026-04-27T14:27:05,4580
rsa2048,4,99,0.7152080070227385,2026-04-27T14:27:05,4580
rsa2048,4,100,0.7292079972103238,2026-04-27T14:27:05,4580
rsa4096,1,1,2.5093329895753413,2026-04-27T14:27:07,1822
rsa4096,1,2,2.5016249855980277,2026-04-27T14:27:07,1822
rsa4096,1,3,2.504250005586073,2026-04-27T14:27:07,1822
rsa4096,1,4,2.755833003902808,2026-04-27T14:27:07,1822
rsa4096,1,5,2.3967080051079392,2026-04-27T14:27:07,1822
rsa4096,1,6,2.405250008450821,2026-04-27T14:27:07,1822
rsa4096,1,7,2.4649999977555126,2026-04-27T14:27:07,1822
rsa4096,1,8,2.3640420113224536,2026-04-27T14:27:07,1822
rsa4096,1,9,2.3815410095267,2026-04-27T14:27:07,1822
rsa4096,1,10,2.3518330126535147,2026-04-27T14:27:07,1822
rsa4096,1,11,2.3953750205691904,2026-04-27T14:27:07,1822
rsa4096,1,12,2.5410419912077487,2026-04-27T14:27:07,1822
rsa4096,1,13,3.1877500005066395,2026-04-27T14:27:07,1822
rsa4096,1,14,2.4223749933298677,2026-04-27T14:27:07,1822
rsa4096,1,15,2.382208011113107,2026-04-27T14:27:07,1822
rsa4096,1,16,2.386499982094392,2026-04-27T14:27:07,1822
rsa4096,1,17,2.4071249936241657,2026-04-27T14:27:07,1822
rsa4096,1,18,2.4095420085359365,2026-04-27T14:27:07,1822
rsa4096,1,19,2.590582997072488,2026-04-27T14:27:07,1822
rsa4096,1,20,2.417625015368685,2026-04-27T14:27:07,1822
rsa4096,1,21,2.3721659963484854,2026-04-27T14:27:07,1822
rsa4096,1,22,2.4811670009512454,2026-04-27T14:27:07,1822
rsa4096,1,23,2.4449999909847975,2026-04-27T14:27:07,1822
rsa4096,1,24,2.48733299667947,2026-04-27T14:27:07,1822
rsa4096,1,25,2.576124999905005,2026-04-27T14:27:07,1822
rsa4096,1,26,2.396500000031665,2026-04-27T14:27:07,1822
rsa4096,1,27,2.420875011011958,2026-04-27T14:27:07,1822
rsa4096,1,28,2.443375007715076,2026-04-27T14:27:07,1822
rsa4096,1,29,2.5024159986060113,2026-04-27T14:27:07,1822
rsa4096,1,30,2.4933750100899488,2026-04-27T14:27:07,1822
rsa4096,1,31,2.6170419878326356,2026-04-27T14:27:07,1822
rsa4096,1,32,2.360292011871934,2026-04-27T14:27:07,1822
rsa4096,1,33,2.3785839730408043,2026-04-27T14:27:07,1822
rsa4096,1,34,2.5320830172859132,2026-04-27T14:27:07,1822
rsa4096,1,35,2.4283750099129975,2026-04-27T14:27:07,1822
rsa4096,1,36,2.487292018486187,2026-04-27T14:27:07,1822
rsa4096,1,37,2.57854099618271,2026-04-27T14:27:07,1822
rsa4096,1,38,2.408458007266745,2026-04-27T14:27:07,1822
rsa4096,1,39,2.3657080018892884,2026-04-27T14:27:07,1822
rsa4096,1,40,2.393416012637317,2026-04-27T14:27:07,1822
rsa4096,1,41,2.3740830074530095,2026-04-27T14:27:07,1822
rsa4096,1,42,2.422708988888189,2026-04-27T14:27:07,1822
rsa4096,1,43,2.410624991171062,2026-04-27T14:27:07,1822
rsa4096,1,44,2.463582990458235,2026-04-27T14:27:07,1822
rsa4096,1,45,2.9563749849330634,2026-04-27T14:27:07,1822
rsa4096,1,46,2.4711669830139726,2026-04-27T14:27:07,1822
rsa4096,1,47,2.4973749823402613,2026-04-27T14:27:07,1822
rsa4096,1,48,2.4464580055791885,2026-04-27T14:27:07,1822
rsa4096,1,49,2.455957990605384,2026-04-27T14:27:07,1822
rsa4096,1,50,2.415041992207989,2026-04-27T14:27:07,1822
rsa4096,1,51,2.4714999890420586,2026-04-27T14:27:07,1822
rsa4096,1,52,2.4435830127913505,2026-04-27T14:27:07,1822
rsa4096,1,53,2.485583012457937,2026-04-27T14:27:07,1822
rsa4096,1,54,2.5200420059263706,2026-04-27T14:27:07,1822
rsa4096,1,55,2.4251250142697245,2026-04-27T14:27:07,1822
rsa4096,1,56,2.5656249781604856,2026-04-27T14:27:07,1822
rsa4096,1,57,2.3934170021675527,2026-04-27T14:27:07,1822
rsa4096,1,58,2.4269589921459556,2026-04-27T14:27:07,1822
rsa4096,1,59,2.4064579920377582,2026-04-27T14:27:07,1822
rsa4096,1,60,2.420125005301088,2026-04-27T14:27:07,1822
rsa4096,1,61,2.400208992185071,2026-04-27T14:27:07,1822
rsa4096,1,62,2.5856249849312007,2026-04-27T14:27:07,1822
rsa4096,1,63,2.440833020955324,2026-04-27T14:27:07,1822
rsa4096,1,64,2.4887920008040965,2026-04-27T14:27:07,1822
rsa4096,1,65,2.3825000098440796,2026-04-27T14:27:07,1822
rsa4096,1,66,2.4133750121109188,2026-04-27T14:27:07,1822
rsa4096,1,67,2.4589170061517507,2026-04-27T14:27:07,1822
rsa4096,1,68,2.53274998976849,2026-04-27T14:27:07,1822
rsa4096,1,69,2.387500018812716,2026-04-27T14:27:07,1822
rsa4096,1,70,2.426249993732199,2026-04-27T14:27:07,1822
rsa4096,1,71,2.3981250124052167,2026-04-27T14:27:07,1822
rsa4096,1,72,2.4605829967185855,2026-04-27T14:27:07,1822
rsa4096,1,73,2.4115410051308572,2026-04-27T14:27:07,1822
rsa4096,1,74,2.561250003054738,2026-04-27T14:27:07,1822
rsa4096,1,75,2.416083007119596,2026-04-27T14:27:07,1822
rsa4096,1,76,2.477250003721565,2026-04-27T14:27:07,1822
rsa4096,1,77,2.9603749862872064,2026-04-27T14:27:07,1822
rsa4096,1,78,2.5067499955184758,2026-04-27T14:27:07,1822
rsa4096,1,79,2.5337499973829836,2026-04-27T14:27:07,1822
rsa4096,1,80,2.5758330011740327,2026-04-27T14:27:07,1822
rsa4096,1,81,2.337874990189448,2026-04-27T14:27:07,1822
rsa4096,1,82,2.4243339721579105,2026-04-27T14:27:07,1822
rsa4096,1,83,2.4371659965254366,2026-04-27T14:27:07,1822
rsa4096,1,84,2.5632919860072434,2026-04-27T14:27:07,1822
rsa4096,1,85,2.450166008202359,2026-04-27T14:27:07,1822
rsa4096,1,86,2.6482910034246743,2026-04-27T14:27:07,1822
rsa4096,1,87,2.3986659944057465,2026-04-27T14:27:07,1822
rsa4096,1,88,2.439000003505498,2026-04-27T14:27:07,1822
rsa4096,1,89,2.4621670017950237,2026-04-27T14:27:07,1822
rsa4096,1,90,2.5021249894052744,2026-04-27T14:27:07,1822
rsa4096,1,91,2.5329170166514814,2026-04-27T14:27:07,1822
rsa4096,1,92,2.4494169920217246,2026-04-27T14:27:07,1822
rsa4096,1,93,2.563709014793858,2026-04-27T14:27:07,1822
rsa4096,1,94,2.4478329869452864,2026-04-27T14:27:07,1822
rsa4096,1,95,2.449124993290752,2026-04-27T14:27:07,1822
rsa4096,1,96,2.4752919853199273,2026-04-27T14:27:07,1822
rsa4096,1,97,2.3922499967738986,2026-04-27T14:27:07,1822
rsa4096,1,98,2.45033300598152,2026-04-27T14:27:07,1822
rsa4096,1,99,2.522249997127801,2026-04-27T14:27:07,1822
rsa4096,1,100,2.396833006059751,2026-04-27T14:27:07,1822
rsa4096,2,1,2.6087080186698586,2026-04-27T14:27:09,3664
rsa4096,2,2,2.5905839866027236,2026-04-27T14:27:09,3664
rsa4096,2,3,2.5864579947665334,2026-04-27T14:27:09,3664
rsa4096,2,4,2.763708005659282,2026-04-27T14:27:09,3664
rsa4096,2,5,2.4626250087749213,2026-04-27T14:27:09,3664
rsa4096,2,6,2.555667015258223,2026-04-27T14:27:09,3664
rsa4096,2,7,2.436500013573095,2026-04-27T14:27:09,3664
rsa4096,2,8,2.496458007954061,2026-04-27T14:27:09,3664
rsa4096,2,9,2.475292014423758,2026-04-27T14:27:09,3664
rsa4096,2,10,2.670416986802593,2026-04-27T14:27:09,3664
rsa4096,2,11,2.5032080011442304,2026-04-27T14:27:09,3664
rsa4096,2,12,2.4854580115061253,2026-04-27T14:27:09,3664
rsa4096,2,13,3.100625006482005,2026-04-27T14:27:09,3664
rsa4096,2,14,2.5300410052295774,2026-04-27T14:27:09,3664
rsa4096,2,15,2.522791997762397,2026-04-27T14:27:09,3664
rsa4096,2,16,2.76733300415799,2026-04-27T14:27:09,3664
rsa4096,2,17,2.431208995403722,2026-04-27T14:27:09,3664
rsa4096,2,18,2.4903749872464687,2026-04-27T14:27:09,3664
rsa4096,2,19,2.4874579976312816,2026-04-27T14:27:09,3664
rsa4096,2,20,2.519458008464426,2026-04-27T14:27:09,3664
rsa4096,2,21,2.5413340190425515,2026-04-27T14:27:09,3664
rsa4096,2,22,2.7938330022152513,2026-04-27T14:27:09,3664
rsa4096,2,23,2.4989169905893505,2026-04-27T14:27:09,3664
rsa4096,2,24,2.4614589929115027,2026-04-27T14:27:09,3664
rsa4096,2,25,2.4779170053079724,2026-04-27T14:27:09,3664
rsa4096,2,26,2.533040998969227,2026-04-27T14:27:09,3664
rsa4096,2,27,2.503666008124128,2026-04-27T14:27:09,3664
rsa4096,2,28,2.6049579901155084,2026-04-27T14:27:09,3664
rsa4096,2,29,2.4707499833311886,2026-04-27T14:27:09,3664
rsa4096,2,30,2.4979159934446216,2026-04-27T14:27:09,3664
rsa4096,2,31,2.5872080004774034,2026-04-27T14:27:09,3664
rsa4096,2,32,2.546832984080538,2026-04-27T14:27:09,3664
rsa4096,2,33,2.586540998890996,2026-04-27T14:27:09,3664
rsa4096,2,34,2.5820420123636723,2026-04-27T14:27:09,3664
rsa4096,2,35,2.465417026542127,2026-04-27T14:27:09,3664
rsa4096,2,36,2.4763330002315342,2026-04-27T14:27:09,3664
rsa4096,2,37,2.558999985922128,2026-04-27T14:27:09,3664
rsa4096,2,38,2.505583979655057,2026-04-27T14:27:09,3664
rsa4096,2,39,2.5324169837404042,2026-04-27T14:27:09,3664
rsa4096,2,40,2.5379159778822213,2026-04-27T14:27:09,3664
rsa4096,2,41,2.5172089808620512,2026-04-27T14:27:09,3664
rsa4096,2,42,2.514500025426969,2026-04-27T14:27:09,3664
rsa4096,2,43,2.596292004454881,2026-04-27T14:27:09,3664
rsa4096,2,44,2.558917010901496,2026-04-27T14:27:09,3664
rsa4096,2,45,3.0963750032242388,2026-04-27T14:27:09,3664
rsa4096,2,46,2.5925409863702953,2026-04-27T14:27:09,3664
rsa4096,2,47,2.4962500028777868,2026-04-27T14:27:09,3664
rsa4096,2,48,2.4709170102141798,2026-04-27T14:27:09,3664
rsa4096,2,49,2.5476669834461063,2026-04-27T14:27:09,3664
rsa4096,2,50,2.406291023362428,2026-04-27T14:27:09,3664
rsa4096,2,51,2.4704580137040466,2026-04-27T14:27:09,3664
rsa4096,2,52,2.646040986292064,2026-04-27T14:27:09,3664
rsa4096,2,53,2.441874996293336,2026-04-27T14:27:09,3664
rsa4096,2,54,2.5422080070711672,2026-04-27T14:27:09,3664
rsa4096,2,55,2.525999996578321,2026-04-27T14:27:09,3664
rsa4096,2,56,2.4392920022364706,2026-04-27T14:27:09,3664
rsa4096,2,57,2.4913750239647925,2026-04-27T14:27:09,3664
rsa4096,2,58,11.894208000740036,2026-04-27T14:27:09,3664
rsa4096,2,59,9.253124997485429,2026-04-27T14:27:09,3664
rsa4096,2,60,2.6619579875841737,2026-04-27T14:27:09,3664
rsa4096,2,61,6.853124999906868,2026-04-27T14:27:09,3664
rsa4096,2,62,2.753499982645735,2026-04-27T14:27:09,3664
rsa4096,2,63,2.630041999509558,2026-04-27T14:27:09,3664
rsa4096,2,64,2.558790991315618,2026-04-27T14:27:09,3664
rsa4096,2,65,2.6660829898901284,2026-04-27T14:27:09,3664
rsa4096,2,66,2.5205829879269004,2026-04-27T14:27:09,3664
rsa4096,2,67,2.605666988529265,2026-04-27T14:27:09,3664
rsa4096,2,68,2.5914579746313393,2026-04-27T14:27:09,3664
rsa4096,2,69,2.515875006793067,2026-04-27T14:27:09,3664
rsa4096,2,70,2.447708015097305,2026-04-27T14:27:09,3664
rsa4096,2,71,2.537583000957966,2026-04-27T14:27:09,3664
rsa4096,2,72,2.4972499813884497,2026-04-27T14:27:09,3664
rsa4096,2,73,2.5495839945506305,2026-04-27T14:27:10,3664
rsa4096,2,74,2.6297919976059347,2026-04-27T14:27:10,3664
rsa4096,2,75,2.576083003077656,2026-04-27T14:27:10,3664
rsa4096,2,76,2.5619999796617776,2026-04-27T14:27:10,3664
rsa4096,2,77,3.148249990772456,2026-04-27T14:27:10,3664
rsa4096,2,78,2.43858402245678,2026-04-27T14:27:10,3664
rsa4096,2,79,2.4971670063678175,2026-04-27T14:27:10,3664
rsa4096,2,80,2.5225839926861227,2026-04-27T14:27:10,3664
rsa4096,2,81,2.543500013416633,2026-04-27T14:27:10,3664
rsa4096,2,82,2.596709004137665,2026-04-27T14:27:10,3664
rsa4096,2,83,2.5730830093380064,2026-04-27T14:27:10,3664
rsa4096,2,84,2.5554159947205335,2026-04-27T14:27:10,3664
rsa4096,2,85,2.5677910016383976,2026-04-27T14:27:10,3664
rsa4096,2,86,2.62079099775292,2026-04-27T14:27:10,3664
rsa4096,2,87,2.637541008880362,2026-04-27T14:27:10,3664
rsa4096,2,88,2.578875020844862,2026-04-27T14:27:10,3664
rsa4096,2,89,2.6254590193275362,2026-04-27T14:27:10,3664
rsa4096,2,90,2.5710420159157366,2026-04-27T14:27:10,3664
rsa4096,2,91,2.636082994285971,2026-04-27T14:27:10,3664
rsa4096,2,92,2.5685410073492676,2026-04-27T14:27:10,3664
rsa4096,2,93,2.5481250195298344,2026-04-27T14:27:10,3664
rsa4096,2,94,2.5610830052755773,2026-04-27T14:27:10,3664
rsa4096,2,95,2.5712079950608313,2026-04-27T14:27:10,3664
rsa4096,2,96,2.436625014524907,2026-04-27T14:27:10,3664
rsa4096,2,97,2.493457985110581,2026-04-27T14:27:10,3664
rsa4096,2,98,2.617666992591694,2026-04-27T14:27:10,3664
rsa4096,2,99,2.4601670156698674,2026-04-27T14:27:10,3664
rsa4096,2,100,2.5790409999899566,2026-04-27T14:27:10,3664
rsa4096,3,1,2.613582997582853,2026-04-27T14:27:12,5506
rsa4096,3,2,2.5980840146075934,2026-04-27T14:27:12,5506
rsa4096,3,3,2.644957974553108,2026-04-27T14:27:12,5506
rsa4096,3,4,2.693584014195949,2026-04-27T14:27:12,5506
rsa4096,3,5,2.6053749897982925,2026-04-27T14:27:12,5506
rsa4096,3,6,2.4916249967645854,2026-04-27T14:27:12,5506
rsa4096,3,7,2.6885420083999634,2026-04-27T14:27:12,5506
rsa4096,3,8,2.449666993925348,2026-04-27T14:27:12,5506
rsa4096,3,9,2.4461249995511025,2026-04-27T14:27:12,5506
rsa4096,3,10,2.4516659905202687,2026-04-27T14:27:12,5506
rsa4096,3,11,2.4819590034894645,2026-04-27T14:27:12,5506
rsa4096,3,12,2.5819999864324927,2026-04-27T14:27:12,5506
rsa4096,3,13,3.195083001628518,2026-04-27T14:27:12,5506
rsa4096,3,14,2.5871660036500543,2026-04-27T14:27:12,5506
rsa4096,3,15,2.4474590027239174,2026-04-27T14:27:12,5506
rsa4096,3,16,2.533416001824662,2026-04-27T14:27:12,5506
rsa4096,3,17,2.4615419970359653,2026-04-27T14:27:12,5506
rsa4096,3,18,2.5056249869521707,2026-04-27T14:27:12,5506
rsa4096,3,19,2.617666992591694,2026-04-27T14:27:12,5506
rsa4096,3,20,2.49725001049228,2026-04-27T14:27:12,5506
rsa4096,3,21,2.4831249902490526,2026-04-27T14:27:12,5506
rsa4096,3,22,2.5537499750498682,2026-04-27T14:27:12,5506
rsa4096,3,23,2.488875004928559,2026-04-27T14:27:12,5506
rsa4096,3,24,2.509250014554709,2026-04-27T14:27:12,5506
rsa4096,3,25,2.582791988970712,2026-04-27T14:27:12,5506
rsa4096,3,26,2.5209590094164014,2026-04-27T14:27:12,5506
rsa4096,3,27,2.4264999956358224,2026-04-27T14:27:12,5506
rsa4096,3,28,2.5330830249004066,2026-04-27T14:27:12,5506
rsa4096,3,29,2.503541996702552,2026-04-27T14:27:12,5506
rsa4096,3,30,2.5487919920124114,2026-04-27T14:27:12,5506
rsa4096,3,31,2.582833985798061,2026-04-27T14:27:12,5506
rsa4096,3,32,2.550790988607332,2026-04-27T14:27:12,5506
rsa4096,3,33,2.5030410033650696,2026-04-27T14:27:12,5506
rsa4096,3,34,2.5419589946977794,2026-04-27T14:27:12,5506
rsa4096,3,35,2.4923330056481063,2026-04-27T14:27:12,5506
rsa4096,3,36,2.5592500169295818,2026-04-27T14:27:12,5506
rsa4096,3,37,2.613291988382116,2026-04-27T14:27:12,5506
rsa4096,3,38,2.429499989375472,2026-04-27T14:27:12,5506
rsa4096,3,39,2.4506249756086618,2026-04-27T14:27:12,5506
rsa4096,3,40,2.4701250076759607,2026-04-27T14:27:12,5506
rsa4096,3,41,2.463332988554612,2026-04-27T14:27:12,5506
rsa4096,3,42,2.515957981813699,2026-04-27T14:27:12,5506
rsa4096,3,43,2.5887080118991435,2026-04-27T14:27:12,5506
rsa4096,3,44,2.4164589995052665,2026-04-27T14:27:12,5506
rsa4096,3,45,2.981958008604124,2026-04-27T14:27:12,5506
rsa4096,3,46,2.531542006181553,2026-04-27T14:27:12,5506
rsa4096,3,47,2.426541002932936,2026-04-27T14:27:12,5506
rsa4096,3,48,2.512707986170426,2026-04-27T14:27:12,5506
rsa4096,3,49,2.6391669816803187,2026-04-27T14:27:12,5506
rsa4096,3,50,2.5256250228267163,2026-04-27T14:27:12,5506
rsa4096,3,51,2.4299579963553697,2026-04-27T14:27:12,5506
rsa4096,3,52,2.4710000143386424,2026-04-27T14:27:12,5506
rsa4096,3,53,2.524374984204769,2026-04-27T14:27:12,5506
rsa4096,3,54,2.480916999047622,2026-04-27T14:27:12,5506
rsa4096,3,55,2.6701249880716205,2026-04-27T14:27:12,5506
rsa4096,3,56,2.444041980197653,2026-04-27T14:27:12,5506
rsa4096,3,57,2.5463749771006405,2026-04-27T14:27:12,5506
rsa4096,3,58,2.4584580096416175,2026-04-27T14:27:12,5506
rsa4096,3,59,2.5599169894121587,2026-04-27T14:27:12,5506
rsa4096,3,60,2.4714170140214264,2026-04-27T14:27:12,5506
rsa4096,3,61,2.6381249772384763,2026-04-27T14:27:12,5506
rsa4096,3,62,2.4953750253189355,2026-04-27T14:27:12,5506
rsa4096,3,63,2.5723750004544854,2026-04-27T14:27:12,5506
rsa4096,3,64,2.5646660069469362,2026-04-27T14:27:12,5506
rsa4096,3,65,2.5794999965000898,2026-04-27T14:27:12,5506
rsa4096,3,66,2.5449579989071935,2026-04-27T14:27:12,5506
rsa4096,3,67,2.620834013214335,2026-04-27T14:27:12,5506
rsa4096,3,68,2.455125009873882,2026-04-27T14:27:12,5506
rsa4096,3,69,2.456874994095415,2026-04-27T14:27:12,5506
rsa4096,3,70,2.5726250023581088,2026-04-27T14:27:12,5506
rsa4096,3,71,2.4916669935919344,2026-04-27T14:27:12,5506
rsa4096,3,72,2.5647500006016344,2026-04-27T14:27:12,5506
rsa4096,3,73,2.5618750078137964,2026-04-27T14:27:12,5506
rsa4096,3,74,2.5424160121474415,2026-04-27T14:27:12,5506
rsa4096,3,75,2.5293329963460565,2026-04-27T14:27:12,5506
rsa4096,3,76,2.6015829935204238,2026-04-27T14:27:12,5506
rsa4096,3,77,3.146125003695488,2026-04-27T14:27:12,5506
rsa4096,3,78,2.546750009059906,2026-04-27T14:27:12,5506
rsa4096,3,79,2.648875000886619,2026-04-27T14:27:12,5506
rsa4096,3,80,2.5512919819448143,2026-04-27T14:27:12,5506
rsa4096,3,81,2.556084014941007,2026-04-27T14:27:12,5506
rsa4096,3,82,2.610583003843203,2026-04-27T14:27:12,5506
rsa4096,3,83,2.5422080070711672,2026-04-27T14:27:12,5506
rsa4096,3,84,2.5737910182215273,2026-04-27T14:27:12,5506
rsa4096,3,85,2.6145419979002327,2026-04-27T14:27:12,5506
rsa4096,3,86,2.504833013517782,2026-04-27T14:27:12,5506
rsa4096,3,87,2.535167004680261,2026-04-27T14:27:12,5506
rsa4096,3,88,2.5433750124648213,2026-04-27T14:27:12,5506
rsa4096,3,89,2.5697500095702708,2026-04-27T14:27:12,5506
rsa4096,3,90,2.5305000017397106,2026-04-27T14:27:12,5506
rsa4096,3,91,2.741832984611392,2026-04-27T14:27:12,5506
rsa4096,3,92,2.4182089837267995,2026-04-27T14:27:12,5506
rsa4096,3,93,2.4900829885154963,2026-04-27T14:27:12,5506
rsa4096,3,94,2.560583990998566,2026-04-27T14:27:12,5506
rsa4096,3,95,2.5194160116370767,2026-04-27T14:27:12,5506
rsa4096,3,96,2.6424579846207052,2026-04-27T14:27:12,5506
rsa4096,3,97,2.4870829947758466,2026-04-27T14:27:12,5506
rsa4096,3,98,2.462790987920016,2026-04-27T14:27:12,5506
rsa4096,3,99,2.477625006577,2026-04-27T14:27:12,5506
rsa4096,3,100,2.520083013223484,2026-04-27T14:27:12,5506
rsa4096,4,1,2.657166012795642,2026-04-27T14:27:14,7348
rsa4096,4,2,2.6314590068068355,2026-04-27T14:27:14,7348
rsa4096,4,3,2.69950000802055,2026-04-27T14:27:14,7348
rsa4096,4,4,2.9175000090617687,2026-04-27T14:27:14,7348
rsa4096,4,5,2.731125015998259,2026-04-27T14:27:14,7348
rsa4096,4,6,22.876334027387202,2026-04-27T14:27:14,7348
rsa4096,4,7,3.524083993397653,2026-04-27T14:27:14,7348
rsa4096,4,8,4.866958013735712,2026-04-27T14:27:14,7348
rsa4096,4,9,3.593125002225861,2026-04-27T14:27:14,7348
rsa4096,4,10,2.8423339826986194,2026-04-27T14:27:14,7348
rsa4096,4,11,2.9021660157013685,2026-04-27T14:27:14,7348
rsa4096,4,12,2.6583749859128147,2026-04-27T14:27:14,7348
rsa4096,4,13,3.2115409849211574,2026-04-27T14:27:14,7348
rsa4096,4,14,2.6582500140648335,2026-04-27T14:27:14,7348
rsa4096,4,15,2.6076250069309026,2026-04-27T14:27:14,7348
rsa4096,4,16,2.992249996168539,2026-04-27T14:27:14,7348
rsa4096,4,17,2.7003749855794013,2026-04-27T14:27:14,7348
rsa4096,4,18,2.653040981385857,2026-04-27T14:27:14,7348
rsa4096,4,19,2.5709169858600944,2026-04-27T14:27:14,7348
rsa4096,4,20,2.7249999984633178,2026-04-27T14:27:14,7348
rsa4096,4,21,2.694750000955537,2026-04-27T14:27:14,7348
rsa4096,4,22,2.9734999989159405,2026-04-27T14:27:14,7348
rsa4096,4,23,2.7846669836435467,2026-04-27T14:27:14,7348
rsa4096,4,24,2.8654579946305603,2026-04-27T14:27:14,7348
rsa4096,4,25,2.764250006293878,2026-04-27T14:27:14,7348
rsa4096,4,26,2.7540000155568123,2026-04-27T14:27:14,7348
rsa4096,4,27,2.930209011537954,2026-04-27T14:27:14,7348
rsa4096,4,28,3.668416989967227,2026-04-27T14:27:14,7348
rsa4096,4,29,2.770791994407773,2026-04-27T14:27:14,7348
rsa4096,4,30,2.7709589921869338,2026-04-27T14:27:14,7348
rsa4096,4,31,2.767207974102348,2026-04-27T14:27:14,7348
rsa4096,4,32,3.0630419787485152,2026-04-27T14:27:14,7348
rsa4096,4,33,2.7781669923570007,2026-04-27T14:27:14,7348
rsa4096,4,34,2.942374994745478,2026-04-27T14:27:14,7348
rsa4096,4,35,2.7329170261509717,2026-04-27T14:27:14,7348
rsa4096,4,36,2.8252910124137998,2026-04-27T14:27:14,7348
rsa4096,4,37,2.8207919967826456,2026-04-27T14:27:14,7348
rsa4096,4,38,2.802542003337294,2026-04-27T14:27:14,7348
rsa4096,4,39,2.7122079918626696,2026-04-27T14:27:14,7348
rsa4096,4,40,2.99220799934119,2026-04-27T14:27:14,7348
rsa4096,4,41,3.180958010489121,2026-04-27T14:27:14,7348
rsa4096,4,42,3.0216659943107516,2026-04-27T14:27:14,7348
rsa4096,4,43,2.6789169933181256,2026-04-27T14:27:14,7348
rsa4096,4,44,2.725250000366941,2026-04-27T14:27:14,7348
rsa4096,4,45,3.2797080057207495,2026-04-27T14:27:14,7348
rsa4096,4,46,2.7908330084756017,2026-04-27T14:27:14,7348
rsa4096,4,47,2.7809170132968575,2026-04-27T14:27:14,7348
rsa4096,4,48,3.397332999156788,2026-04-27T14:27:14,7348
rsa4096,4,49,2.8251250041648746,2026-04-27T14:27:14,7348
rsa4096,4,50,4.510667000431567,2026-04-27T14:27:14,7348
rsa4096,4,51,5.669167003361508,2026-04-27T14:27:14,7348
rsa4096,4,52,4.208750004181638,2026-04-27T14:27:14,7348
rsa4096,4,53,4.838958993786946,2026-04-27T14:27:14,7348
rsa4096,4,54,3.8686250045429915,2026-04-27T14:27:14,7348
rsa4096,4,55,4.506291996221989,2026-04-27T14:27:14,7348
rsa4096,4,56,3.043709002668038,2026-04-27T14:27:14,7348
rsa4096,4,57,2.847208990715444,2026-04-27T14:27:14,7348
rsa4096,4,58,2.835291001247242,2026-04-27T14:27:14,7348
rsa4096,4,59,2.9674170073121786,2026-04-27T14:27:14,7348
rsa4096,4,60,3.003334015375003,2026-04-27T14:27:14,7348
rsa4096,4,61,2.8959999908693135,2026-04-27T14:27:14,7348
rsa4096,4,62,2.9502079996746033,2026-04-27T14:27:14,7348
rsa4096,4,63,2.849832992069423,2026-04-27T14:27:14,7348
rsa4096,4,64,2.83687497721985,2026-04-27T14:27:14,7348
rsa4096,4,65,3.096625005127862,2026-04-27T14:27:14,7348
rsa4096,4,66,2.845666982466355,2026-04-27T14:27:14,7348
rsa4096,4,67,2.816874999552965,2026-04-27T14:27:14,7348
rsa4096,4,68,2.8897910087835044,2026-04-27T14:27:14,7348
rsa4096,4,69,2.8422909963410348,2026-04-27T14:27:14,7348
rsa4096,4,70,3.1267909798771143,2026-04-27T14:27:14,7348
rsa4096,4,71,2.7577079890761524,2026-04-27T14:27:14,7348
rsa4096,4,72,2.824291994329542,2026-04-27T14:27:14,7348
rsa4096,4,73,2.781167015200481,2026-04-27T14:27:14,7348
rsa4096,4,74,3.04883299395442,2026-04-27T14:27:14,7348
rsa4096,4,75,3.807041997788474,2026-04-27T14:27:14,7348
rsa4096,4,76,3.2289169903378934,2026-04-27T14:27:14,7348
rsa4096,4,77,3.4590419963933527,2026-04-27T14:27:14,7348
rsa4096,4,78,2.776707988232374,2026-04-27T14:27:14,7348
rsa4096,4,79,2.8102920041419566,2026-04-27T14:27:14,7348
rsa4096,4,80,2.9135000077076256,2026-04-27T14:27:14,7348
rsa4096,4,81,3.1011660175863653,2026-04-27T14:27:14,7348
rsa4096,4,82,2.9287500074133277,2026-04-27T14:27:14,7348
rsa4096,4,83,2.886750007746741,2026-04-27T14:27:14,7348
rsa4096,4,84,3.4517080057412386,2026-04-27T14:27:14,7348
rsa4096,4,85,3.0874169897288084,2026-04-27T14:27:14,7348
rsa4096,4,86,2.8967079997528344,2026-04-27T14:27:14,7348
rsa4096,4,87,2.8647499857470393,2026-04-27T14:27:14,7348
rsa4096,4,88,3.358292015036568,2026-04-27T14:27:14,7348
rsa4096,4,89,2.908124995883554,2026-04-27T14:27:14,7348
rsa4096,4,90,3.460834006546065,2026-04-27T14:27:14,7348
rsa4096,4,91,2.7880000125151128,2026-04-27T14:27:14,7348
rsa4096,4,92,2.9335830186028033,2026-04-27T14:27:14,7348
rsa4096,4,93,2.726125007029623,2026-04-27T14:27:14,7348
rsa4096,4,94,2.7215000009164214,2026-04-27T14:27:14,7348
rsa4096,4,95,2.9725829954259098,2026-04-27T14:27:14,7348
rsa4096,4,96,2.7323749964125454,2026-04-27T14:27:14,7348
rsa4096,4,97,2.705000020796433,2026-04-27T14:27:14,7348
rsa4096,4,98,2.7522089949343354,2026-04-27T14:27:14,7348
rsa4096,4,99,2.6649999781511724,2026-04-27T14:27:14,7348
rsa4096,4,100,2.837249980075285,2026-04-27T14:27:14,7348
ec256,1,1,0.5374579923227429,2026-04-27T14:27:16,591
ec256,1,2,0.5248340021353215,2026-04-27T14:27:16,591
ec256,1,3,0.531750003574416,2026-04-27T14:27:16,591
ec256,1,4,0.5302920180838555,2026-04-27T14:27:16,591
ec256,1,5,0.5171669763512909,2026-04-27T14:27:16,591
ec256,1,6,0.5125830066390336,2026-04-27T14:27:16,591
ec256,1,7,0.5105409945826977,2026-04-27T14:27:16,591
ec256,1,8,0.5906249862164259,2026-04-27T14:27:16,591
ec256,1,9,0.5363339732866734,2026-04-27T14:27:16,591
ec256,1,10,0.710916006937623,2026-04-27T14:27:16,591
ec256,1,11,0.518375018145889,2026-04-27T14:27:16,591
ec256,1,12,0.49100001342594624,2026-04-27T14:27:16,591
ec256,1,13,0.5174170073587447,2026-04-27T14:27:16,591
ec256,1,14,0.5685829964932054,2026-04-27T14:27:16,591
ec256,1,15,0.5287499807309359,2026-04-27T14:27:16,591
ec256,1,16,0.5206670030020177,2026-04-27T14:27:16,591
ec256,1,17,0.49937498988583684,2026-04-27T14:27:16,591
ec256,1,18,0.481417024275288,2026-04-27T14:27:16,591
ec256,1,19,0.47595801879651845,2026-04-27T14:27:16,591
ec256,1,20,0.4726249899249524,2026-04-27T14:27:16,591
ec256,1,21,0.4711250076070428,2026-04-27T14:27:16,591
ec256,1,22,0.4843749920837581,2026-04-27T14:27:16,591
ec256,1,23,0.4883329966105521,2026-04-27T14:27:16,591
ec256,1,24,0.5042080010753125,2026-04-27T14:27:16,591
ec256,1,25,0.483582989545539,2026-04-27T14:27:16,591
ec256,1,26,0.47774999984540045,2026-04-27T14:27:16,591
ec256,1,27,0.48412501928396523,2026-04-27T14:27:16,591
ec256,1,28,0.48058299580588937,2026-04-27T14:27:16,591
ec256,1,29,0.48087502364069223,2026-04-27T14:27:16,591
ec256,1,30,0.5348749982658774,2026-04-27T14:27:16,591
ec256,1,31,0.5679169844370335,2026-04-27T14:27:16,591
ec256,1,32,0.5150000215508044,2026-04-27T14:27:16,591
ec256,1,33,0.4912500153295696,2026-04-27T14:27:16,591
ec256,1,34,0.47929101856425405,2026-04-27T14:27:16,591
ec256,1,35,0.47883400111459196,2026-04-27T14:27:16,591
ec256,1,36,0.47354199341498315,2026-04-27T14:27:16,591
ec256,1,37,0.46508401283062994,2026-04-27T14:27:16,591
ec256,1,38,0.4713749804068357,2026-04-27T14:27:16,591
ec256,1,39,0.4610419855453074,2026-04-27T14:27:16,591
ec256,1,40,0.4718329873867333,2026-04-27T14:27:16,591
ec256,1,41,0.45300001511350274,2026-04-27T14:27:16,591
ec256,1,42,0.44604201684705913,2026-04-27T14:27:16,591
ec256,1,43,0.48716700985096395,2026-04-27T14:27:16,591
ec256,1,44,0.4769170191138983,2026-04-27T14:27:16,591
ec256,1,45,0.46333298087120056,2026-04-27T14:27:16,591
ec256,1,46,0.46304200077429414,2026-04-27T14:27:16,591
ec256,1,47,0.4669170011766255,2026-04-27T14:27:16,591
ec256,1,48,0.49158299225382507,2026-04-27T14:27:16,591
ec256,1,49,0.49104198114946485,2026-04-27T14:27:16,591
ec256,1,50,0.4812080005649477,2026-04-27T14:27:16,591
ec256,1,51,0.46595800085924566,2026-04-27T14:27:16,591
ec256,1,52,0.4398339951876551,2026-04-27T14:27:16,591
ec256,1,53,0.4735420225188136,2026-04-27T14:27:16,591
ec256,1,54,0.5278749740682542,2026-04-27T14:27:16,591
ec256,1,55,0.48562500160187483,2026-04-27T14:27:16,591
ec256,1,56,0.4652499919757247,2026-04-27T14:27:16,591
ec256,1,57,0.4353749973233789,2026-04-27T14:27:16,591
ec256,1,58,0.42729199049063027,2026-04-27T14:27:16,591
ec256,1,59,0.4273749946150929,2026-04-27T14:27:16,591
ec256,1,60,0.43954100692644715,2026-04-27T14:27:16,591
ec256,1,61,0.43691700557246804,2026-04-27T14:27:16,591
ec256,1,62,0.4369590023998171,2026-04-27T14:27:16,591
ec256,1,63,0.44187501771375537,2026-04-27T14:27:16,591
ec256,1,64,0.43466698843985796,2026-04-27T14:27:16,591
ec256,1,65,0.43575000017881393,2026-04-27T14:27:16,591
ec256,1,66,0.42941601714119315,2026-04-27T14:27:16,591
ec256,1,67,0.4277080006431788,2026-04-27T14:27:16,591
ec256,1,68,0.4239999980200082,2026-04-27T14:27:16,591
ec256,1,69,0.42720799683593214,2026-04-27T14:27:16,591
ec256,1,70,0.4138750082347542,2026-04-27T14:27:16,591
ec256,1,71,0.41900001815520227,2026-04-27T14:27:16,591
ec256,1,72,0.4210829793009907,2026-04-27T14:27:16,591
ec256,1,73,0.4600000102072954,2026-04-27T14:27:16,591
ec256,1,74,0.4396250005811453,2026-04-27T14:27:16,591
ec256,1,75,0.41887498809956014,2026-04-27T14:27:16,591
ec256,1,76,0.4125830018892884,2026-04-27T14:27:16,591
ec256,1,77,0.4311660013627261,2026-04-27T14:27:16,591
ec256,1,78,0.48266598605550826,2026-04-27T14:27:16,591
ec256,1,79,0.5061249830760062,2026-04-27T14:27:16,591
ec256,1,80,0.4263749870005995,2026-04-27T14:27:16,591
ec256,1,81,0.4755000118166208,2026-04-27T14:27:16,591
ec256,1,82,0.480709015391767,2026-04-27T14:27:16,591
ec256,1,83,0.44533400796353817,2026-04-27T14:27:16,591
ec256,1,84,0.44174998765811324,2026-04-27T14:27:16,591
ec256,1,85,0.442666991148144,2026-04-27T14:27:16,591
ec256,1,86,0.43437498970888555,2026-04-27T14:27:16,591
ec256,1,87,0.42758299969136715,2026-04-27T14:27:16,591
ec256,1,88,0.4259999841451645,2026-04-27T14:27:16,591
ec256,1,89,0.4385419888421893,2026-04-27T14:27:16,591
ec256,1,90,0.41395900188945234,2026-04-27T14:27:16,591
ec256,1,91,0.43391698272898793,2026-04-27T14:27:16,591
ec256,1,92,0.4367079818621278,2026-04-27T14:27:16,591
ec256,1,93,0.43812498915940523,2026-04-27T14:27:16,591
ec256,1,94,0.43575000017881393,2026-04-27T14:27:16,591
ec256,1,95,0.4298750136513263,2026-04-27T14:27:16,591
ec256,1,96,0.43487499351613224,2026-04-27T14:27:16,591
ec256,1,97,0.43570800335146487,2026-04-27T14:27:16,591
ec256,1,98,0.46608300181105733,2026-04-27T14:27:17,591
ec256,1,99,0.42912500794045627,2026-04-27T14:27:17,591
ec256,1,100,0.4539159999694675,2026-04-27T14:27:17,591
ec256,2,1,0.7871670241001993,2026-04-27T14:27:19,1210
ec256,2,2,0.7870830013416708,2026-04-27T14:27:19,1210
ec256,2,3,0.7733750098850578,2026-04-27T14:27:19,1210
ec256,2,4,0.777124980231747,2026-04-27T14:27:19,1210
ec256,2,5,0.7272920047398657,2026-04-27T14:27:19,1210
ec256,2,6,0.7165840070229024,2026-04-27T14:27:19,1210
ec256,2,7,0.6798750255256891,2026-04-27T14:27:19,1210
ec256,2,8,0.7872919959481806,2026-04-27T14:27:19,1210
ec256,2,9,0.7227500027511269,2026-04-27T14:27:19,1210
ec256,2,10,0.7319579890463501,2026-04-27T14:27:19,1210
ec256,2,11,0.6924170011188835,2026-04-27T14:27:19,1210
ec256,2,12,0.6662499799858779,2026-04-27T14:27:19,1210
ec256,2,13,0.748874997952953,2026-04-27T14:27:19,1210
ec256,2,14,0.717708986485377,2026-04-27T14:27:19,1210
ec256,2,15,0.6861660222057253,2026-04-27T14:27:19,1210
ec256,2,16,0.661291996948421,2026-04-27T14:27:19,1210
ec256,2,17,0.650040979962796,2026-04-27T14:27:19,1210
ec256,2,18,0.6432080117519945,2026-04-27T14:27:19,1210
ec256,2,19,0.6344169960357249,2026-04-27T14:27:19,1210
ec256,2,20,0.6270839949138463,2026-04-27T14:27:19,1210
ec256,2,21,0.6189999985508621,2026-04-27T14:27:19,1210
ec256,2,22,0.6169590051285923,2026-04-27T14:27:19,1210
ec256,2,23,0.6020419823471457,2026-04-27T14:27:19,1210
ec256,2,24,0.6863749877084047,2026-04-27T14:27:19,1210
ec256,2,25,0.6093329866416752,2026-04-27T14:27:19,1210
ec256,2,26,0.5905420111957937,2026-04-27T14:27:19,1210
ec256,2,27,0.6050000083632767,2026-04-27T14:27:19,1210
ec256,2,28,0.5639999872073531,2026-04-27T14:27:19,1210
ec256,2,29,0.5567499902099371,2026-04-27T14:27:19,1210
ec256,2,30,0.5500830011442304,2026-04-27T14:27:19,1210
ec256,2,31,0.5529159971047193,2026-04-27T14:27:19,1210
ec256,2,32,0.5433750047814101,2026-04-27T14:27:19,1210
ec256,2,33,0.5319170013535768,2026-04-27T14:27:19,1210
ec256,2,34,0.5286669766064733,2026-04-27T14:27:19,1210
ec256,2,35,0.5543750012293458,2026-04-27T14:27:19,1210
ec256,2,36,0.5585420003626496,2026-04-27T14:27:19,1210
ec256,2,37,0.5548330082092434,2026-04-27T14:27:19,1210
ec256,2,38,0.5697499727830291,2026-04-27T14:27:19,1210
ec256,2,39,0.542958005098626,2026-04-27T14:27:19,1210
ec256,2,40,0.5495419900398701,2026-04-27T14:27:19,1210
ec256,2,41,0.5389589932747185,2026-04-27T14:27:19,1210
ec256,2,42,0.5294579896144569,2026-04-27T14:27:19,1210
ec256,2,43,0.5341249925550073,2026-04-27T14:27:19,1210
ec256,2,44,0.5245420034043491,2026-04-27T14:27:19,1210
ec256,2,45,0.5395420012064278,2026-04-27T14:27:19,1210
ec256,2,46,0.5208340007811785,2026-04-27T14:27:19,1210
ec256,2,47,0.6382910069078207,2026-04-27T14:27:19,1210
ec256,2,48,0.5537499964702874,2026-04-27T14:27:19,1210
ec256,2,49,0.5506659799721092,2026-04-27T14:27:19,1210
ec256,2,50,0.5244170024525374,2026-04-27T14:27:19,1210
ec256,2,51,0.5235419957898557,2026-04-27T14:27:19,1210
ec256,2,52,0.5233339907135814,2026-04-27T14:27:19,1210
ec256,2,53,0.5281249759718776,2026-04-27T14:27:19,1210
ec256,2,54,0.5332499858923256,2026-04-27T14:27:19,1210
ec256,2,55,0.5067079910077155,2026-04-27T14:27:19,1210
ec256,2,56,0.5186670168768615,2026-04-27T14:27:19,1210
ec256,2,57,0.5247920053079724,2026-04-27T14:27:19,1210
ec256,2,58,0.5097079847473651,2026-04-27T14:27:19,1210
ec256,2,59,0.5119580018799752,2026-04-27T14:27:19,1210
ec256,2,60,0.5060829862486571,2026-04-27T14:27:19,1210
ec256,2,61,0.5283749778755009,2026-04-27T14:27:19,1210
ec256,2,62,0.5197080026846379,2026-04-27T14:27:19,1210
ec256,2,63,0.5096669774502516,2026-04-27T14:27:19,1210
ec256,2,64,0.5002079997211695,2026-04-27T14:27:19,1210
ec256,2,65,0.5053750064689666,2026-04-27T14:27:19,1210
ec256,2,66,0.5397089989855886,2026-04-27T14:27:19,1210
ec256,2,67,0.5720419867429882,2026-04-27T14:27:19,1210
ec256,2,68,0.5113749939482659,2026-04-27T14:27:19,1210
ec256,2,69,0.5273330025374889,2026-04-27T14:27:19,1210
ec256,2,70,0.5208340007811785,2026-04-27T14:27:19,1210
ec256,2,71,0.5116660031490028,2026-04-27T14:27:19,1210
ec256,2,72,0.5080829723738134,2026-04-27T14:27:19,1210
ec256,2,73,0.5055420042481273,2026-04-27T14:27:19,1210
ec256,2,74,0.5034999921917915,2026-04-27T14:27:19,1210
ec256,2,75,0.5037079972680658,2026-04-27T14:27:19,1210
ec256,2,76,0.5181249871384352,2026-04-27T14:27:19,1210
ec256,2,77,0.4482500080484897,2026-04-27T14:27:19,1210
ec256,2,78,0.49458397552371025,2026-04-27T14:27:19,1210
ec256,2,79,0.4780000017490238,2026-04-27T14:27:19,1210
ec256,2,80,0.46883299364708364,2026-04-27T14:27:19,1210
ec256,2,81,0.47341702156700194,2026-04-27T14:27:19,1210
ec256,2,82,0.4703330050688237,2026-04-27T14:27:19,1210
ec256,2,83,0.4729590145871043,2026-04-27T14:27:19,1210
ec256,2,84,0.4687500186264515,2026-04-27T14:27:19,1210
ec256,2,85,0.4904580127913505,2026-04-27T14:27:19,1210
ec256,2,86,0.4710000066552311,2026-04-27T14:27:19,1210
ec256,2,87,0.47087500570341945,2026-04-27T14:27:19,1210
ec256,2,88,0.4644170112442225,2026-04-27T14:27:19,1210
ec256,2,89,0.5011670000385493,2026-04-27T14:27:19,1210
ec256,2,90,0.6240409857127815,2026-04-27T14:27:19,1210
ec256,2,91,0.48945899470709264,2026-04-27T14:27:19,1210
ec256,2,92,0.5111669888719916,2026-04-27T14:27:19,1210
ec256,2,93,0.48275000881403685,2026-04-27T14:27:19,1210
ec256,2,94,0.47362499753944576,2026-04-27T14:27:19,1210
ec256,2,95,0.46999999904073775,2026-04-27T14:27:19,1210
ec256,2,96,0.481041002785787,2026-04-27T14:27:19,1210
ec256,2,97,0.4709170025307685,2026-04-27T14:27:19,1210
ec256,2,98,0.4665000014938414,2026-04-27T14:27:19,1210
ec256,2,99,0.5041249969508499,2026-04-27T14:27:19,1210
ec256,2,100,0.4698749980889261,2026-04-27T14:27:19,1210
ec256,3,1,0.8706670196261257,2026-04-27T14:27:21,1821
ec256,3,2,0.8692499832250178,2026-04-27T14:27:21,1821
ec256,3,3,0.8577090047765523,2026-04-27T14:27:21,1821
ec256,3,4,0.7874169968999922,2026-04-27T14:27:21,1821
ec256,3,5,0.7806250068824738,2026-04-27T14:27:21,1821
ec256,3,6,0.9759159875102341,2026-04-27T14:27:21,1821
ec256,3,7,0.8837920031510293,2026-04-27T14:27:21,1821
ec256,3,8,0.7961249793879688,2026-04-27T14:27:21,1821
ec256,3,9,0.8001659880392253,2026-04-27T14:27:21,1821
ec256,3,10,0.9503329929430038,2026-04-27T14:27:21,1821
ec256,3,11,0.748499995097518,2026-04-27T14:27:21,1821
ec256,3,12,0.7415000000037253,2026-04-27T14:27:21,1821
ec256,3,13,0.7334160036407411,2026-04-27T14:27:21,1821
ec256,3,14,0.7263330044224858,2026-04-27T14:27:21,1821
ec256,3,15,0.7272499788086861,2026-04-27T14:27:21,1821
ec256,3,16,0.6958329759072512,2026-04-27T14:27:21,1821
ec256,3,17,0.658042001305148,2026-04-27T14:27:21,1821
ec256,3,18,0.6725410057697445,2026-04-27T14:27:21,1821
ec256,3,19,0.6687089917249978,2026-04-27T14:27:21,1821
ec256,3,20,0.6760419928468764,2026-04-27T14:27:21,1821
ec256,3,21,0.6847500044386834,2026-04-27T14:27:21,1821
ec256,3,22,0.6745000137016177,2026-04-27T14:27:21,1821
ec256,3,23,0.6852090009488165,2026-04-27T14:27:21,1821
ec256,3,24,0.6698330107610673,2026-04-27T14:27:21,1821
ec256,3,25,0.6621250067837536,2026-04-27T14:27:21,1821
ec256,3,26,0.6582499772775918,2026-04-27T14:27:21,1821
ec256,3,27,0.6475840054918081,2026-04-27T14:27:21,1821
ec256,3,28,0.6950829993002117,2026-04-27T14:27:21,1821
ec256,3,29,0.6769580068066716,2026-04-27T14:27:21,1821
ec256,3,30,0.6980419857427478,2026-04-27T14:27:21,1821
ec256,3,31,0.688833009917289,2026-04-27T14:27:21,1821
ec256,3,32,0.6638329941779375,2026-04-27T14:27:21,1821
ec256,3,33,0.6412499933503568,2026-04-27T14:27:21,1821
ec256,3,34,0.6422500009648502,2026-04-27T14:27:21,1821
ec256,3,35,0.6489590159617364,2026-04-27T14:27:21,1821
ec256,3,36,0.5999999993946403,2026-04-27T14:27:21,1821
ec256,3,37,0.610624992987141,2026-04-27T14:27:21,1821
ec256,3,38,0.6021249864716083,2026-04-27T14:27:21,1821
ec256,3,39,0.5965830059722066,2026-04-27T14:27:21,1821
ec256,3,40,0.5821249797008932,2026-04-27T14:27:21,1821
ec256,3,41,0.5762919900007546,2026-04-27T14:27:21,1821
ec256,3,42,0.5739159823860973,2026-04-27T14:27:21,1821
ec256,3,43,0.5810839938931167,2026-04-27T14:27:21,1821
ec256,3,44,0.5912909982725978,2026-04-27T14:27:21,1821
ec256,3,45,0.5761249922215939,2026-04-27T14:27:21,1821
ec256,3,46,0.5792500160168856,2026-04-27T14:27:21,1821
ec256,3,47,0.5852080066688359,2026-04-27T14:27:21,1821
ec256,3,48,0.5688340170308948,2026-04-27T14:27:21,1821
ec256,3,49,0.5575410032179207,2026-04-27T14:27:21,1821
ec256,3,50,0.6317500083241612,2026-04-27T14:27:21,1821
ec256,3,51,0.6198330083861947,2026-04-27T14:27:21,1821
ec256,3,52,0.5808749992866069,2026-04-27T14:27:21,1821
ec256,3,53,0.5742910143453628,2026-04-27T14:27:21,1821
ec256,3,54,0.5726249946746975,2026-04-27T14:27:21,1821
ec256,3,55,0.5449159943964332,2026-04-27T14:27:21,1821
ec256,3,56,0.5595419788733125,2026-04-27T14:27:21,1821
ec256,3,57,0.5587090272456408,2026-04-27T14:27:21,1821
ec256,3,58,0.5509170005097985,2026-04-27T14:27:21,1821
ec256,3,59,0.557791005121544,2026-04-27T14:27:21,1821
ec256,3,60,0.5771669966634363,2026-04-27T14:27:21,1821
ec256,3,61,0.604125001700595,2026-04-27T14:27:21,1821
ec256,3,62,0.5700000037904829,2026-04-27T14:27:21,1821
ec256,3,63,0.5918329989071935,2026-04-27T14:27:21,1821
ec256,3,64,0.56395900901407,2026-04-27T14:27:21,1821
ec256,3,65,0.5586250044871122,2026-04-27T14:27:21,1821
ec256,3,66,0.5971670034341514,2026-04-27T14:27:21,1821
ec256,3,67,0.6375419907271862,2026-04-27T14:27:21,1821
ec256,3,68,0.582417007535696,2026-04-27T14:27:21,1821
ec256,3,69,0.5446670111268759,2026-04-27T14:27:21,1821
ec256,3,70,0.5205839988775551,2026-04-27T14:27:21,1821
ec256,3,71,0.5105409945826977,2026-04-27T14:27:21,1821
ec256,3,72,0.5046250007580966,2026-04-27T14:27:21,1821
ec256,3,73,0.5034170171711594,2026-04-27T14:27:21,1821
ec256,3,74,0.5166250048205256,2026-04-27T14:27:21,1821
ec256,3,75,0.5316669994499534,2026-04-27T14:27:21,1821
ec256,3,76,0.515749998157844,2026-04-27T14:27:21,1821
ec256,3,77,0.5191249947529286,2026-04-27T14:27:21,1821
ec256,3,78,0.5399170040618628,2026-04-27T14:27:21,1821
ec256,3,79,0.542207999387756,2026-04-27T14:27:21,1821
ec256,3,80,0.5333339795470238,2026-04-27T14:27:21,1821
ec256,3,81,0.5348749982658774,2026-04-27T14:27:21,1821
ec256,3,82,0.52299999515526,2026-04-27T14:27:21,1821
ec256,3,83,0.5295829905662686,2026-04-27T14:27:21,1821
ec256,3,84,0.5426249990705401,2026-04-27T14:27:21,1821
ec256,3,85,0.5431660101749003,2026-04-27T14:27:21,1821
ec256,3,86,0.5380420188885182,2026-04-27T14:27:21,1821
ec256,3,87,0.5251249822322279,2026-04-27T14:27:21,1821
ec256,3,88,0.5803749954793602,2026-04-27T14:27:21,1821
ec256,3,89,0.604125001700595,2026-04-27T14:27:21,1821
ec256,3,90,0.5109170160721987,2026-04-27T14:27:21,1821
ec256,3,91,0.5252920091152191,2026-04-27T14:27:21,1821
ec256,3,92,0.5470839969348162,2026-04-27T14:27:21,1821
ec256,3,93,0.5504580039996654,2026-04-27T14:27:21,1821
ec256,3,94,0.5429169978015125,2026-04-27T14:27:21,1821
ec256,3,95,0.5384999967645854,2026-04-27T14:27:21,1821
ec256,3,96,0.5342079966794699,2026-04-27T14:27:21,1821
ec256,3,97,0.5233329720795155,2026-04-27T14:27:21,1821
ec256,3,98,0.5176249833311886,2026-04-27T14:27:21,1821
ec256,3,99,0.5103749863337725,2026-04-27T14:27:21,1821
ec256,3,100,0.5374579923227429,2026-04-27T14:27:21,1821
ec256,4,1,0.9571249829605222,2026-04-27T14:27:23,2436
ec256,4,2,0.9310000168625265,2026-04-27T14:27:23,2436
ec256,4,3,0.8578339766245335,2026-04-27T14:27:23,2436
ec256,4,4,0.8565839962102473,2026-04-27T14:27:23,2436
ec256,4,5,0.8480419928673655,2026-04-27T14:27:23,2436
ec256,4,6,0.8924590074457228,2026-04-27T14:27:23,2436
ec256,4,7,0.952292000874877,2026-04-27T14:27:23,2436
ec256,4,8,0.8420840022154152,2026-04-27T14:27:23,2436
ec256,4,9,0.7974999898578972,2026-04-27T14:27:23,2436
ec256,4,10,0.7957919733598828,2026-04-27T14:27:23,2436
ec256,4,11,0.7948749989736825,2026-04-27T14:27:23,2436
ec256,4,12,0.7950830040499568,2026-04-27T14:27:23,2436
ec256,4,13,0.769832986406982,2026-04-27T14:27:23,2436
ec256,4,14,0.7574170012958348,2026-04-27T14:27:23,2436
ec256,4,15,0.7444170187227428,2026-04-27T14:27:23,2436
ec256,4,16,0.7536249759141356,2026-04-27T14:27:23,2436
ec256,4,17,0.7380839961115271,2026-04-27T14:27:23,2436
ec256,4,18,0.73516700649634,2026-04-27T14:27:23,2436
ec256,4,19,0.6975000142119825,2026-04-27T14:27:23,2436
ec256,4,20,0.6955829740036279,2026-04-27T14:27:23,2436
ec256,4,21,0.7026660023257136,2026-04-27T14:27:23,2436
ec256,4,22,0.8808749844320118,2026-04-27T14:27:23,2436
ec256,4,23,0.7170830212999135,2026-04-27T14:27:23,2436
ec256,4,24,0.7036669994704425,2026-04-27T14:27:23,2436
ec256,4,25,0.6646669935435057,2026-04-27T14:27:23,2436
ec256,4,26,0.6637920159846544,2026-04-27T14:27:23,2436
ec256,4,27,0.6791670166421682,2026-04-27T14:27:23,2436
ec256,4,28,0.6737080111633986,2026-04-27T14:27:23,2436
ec256,4,29,0.6915410049259663,2026-04-27T14:27:23,2436
ec256,4,30,0.7021669880487025,2026-04-27T14:27:23,2436
ec256,4,31,0.6777090020477772,2026-04-27T14:27:23,2436
ec256,4,32,0.6409999914467335,2026-04-27T14:27:23,2436
ec256,4,33,0.6259579968173057,2026-04-27T14:27:23,2436
ec256,4,34,0.6369999900925905,2026-04-27T14:27:23,2436
ec256,4,35,0.6379159749485552,2026-04-27T14:27:23,2436
ec256,4,36,0.6507500074803829,2026-04-27T14:27:23,2436
ec256,4,37,0.6503750046249479,2026-04-27T14:27:23,2436
ec256,4,38,0.6295840139500797,2026-04-27T14:27:23,2436
ec256,4,39,0.6209580169524997,2026-04-27T14:27:23,2436
ec256,4,40,0.6649170245509595,2026-04-27T14:27:23,2436
ec256,4,41,0.6280830129981041,2026-04-27T14:27:23,2436
ec256,4,42,0.6390830094460398,2026-04-27T14:27:23,2436
ec256,4,43,0.6249170110095292,2026-04-27T14:27:23,2436
ec256,4,44,0.6152079731691629,2026-04-27T14:27:23,2436
ec256,4,45,0.6000419962219894,2026-04-27T14:27:23,2436
ec256,4,46,0.6132499838713557,2026-04-27T14:27:23,2436
ec256,4,47,0.6085839995648712,2026-04-27T14:27:23,2436
ec256,4,48,0.6094589771237224,2026-04-27T14:27:23,2436
ec256,4,49,0.6050840020179749,2026-04-27T14:27:23,2436
ec256,4,50,0.6012499798089266,2026-04-27T14:27:23,2436
ec256,4,51,0.5952500214334577,2026-04-27T14:27:23,2436
ec256,4,52,0.6019170104991645,2026-04-27T14:27:23,2436
ec256,4,53,0.5960419948678464,2026-04-27T14:27:23,2436
ec256,4,54,0.6047920032870024,2026-04-27T14:27:23,2436
ec256,4,55,0.5983749870210886,2026-04-27T14:27:23,2436
ec256,4,56,0.592500000493601,2026-04-27T14:27:23,2436
ec256,4,57,0.6262500246521086,2026-04-27T14:27:23,2436
ec256,4,58,0.6143749924376607,2026-04-27T14:27:23,2436
ec256,4,59,0.6127079832367599,2026-04-27T14:27:23,2436
ec256,4,60,0.6672919844277203,2026-04-27T14:27:23,2436
ec256,4,61,0.6129579851403832,2026-04-27T14:27:23,2436
ec256,4,62,0.6186659738887101,2026-04-27T14:27:23,2436
ec256,4,63,0.6158339965622872,2026-04-27T14:27:23,2436
ec256,4,64,0.5802910018246621,2026-04-27T14:27:23,2436
ec256,4,65,0.5607500206679106,2026-04-27T14:27:23,2436
ec256,4,66,0.572958990233019,2026-04-27T14:27:23,2436
ec256,4,67,0.5490410258062184,2026-04-27T14:27:23,2436
ec256,4,68,0.5455000209622085,2026-04-27T14:27:23,2436
ec256,4,69,0.5520420090761036,2026-04-27T14:27:23,2436
ec256,4,70,0.5601250159088522,2026-04-27T14:27:23,2436
ec256,4,71,0.601916981395334,2026-04-27T14:27:23,2436
ec256,4,72,0.5528749898076057,2026-04-27T14:27:23,2436
ec256,4,73,0.5486249865498394,2026-04-27T14:27:23,2436
ec256,4,74,0.5426249990705401,2026-04-27T14:27:23,2436
ec256,4,75,0.5337919865269214,2026-04-27T14:27:23,2436
ec256,4,76,0.5507089954335243,2026-04-27T14:27:23,2436
ec256,4,77,0.5481659900397062,2026-04-27T14:27:23,2436
ec256,4,78,0.5545839958358556,2026-04-27T14:27:23,2436
ec256,4,79,0.5771249998360872,2026-04-27T14:27:23,2436
ec256,4,80,0.6082500040065497,2026-04-27T14:27:23,2436
ec256,4,81,0.7007920066826046,2026-04-27T14:27:23,2436
ec256,4,82,0.5545829772017896,2026-04-27T14:27:23,2436
ec256,4,83,0.5565830215346068,2026-04-27T14:27:23,2436
ec256,4,84,0.5380840157158673,2026-04-27T14:27:23,2436
ec256,4,85,0.5446670111268759,2026-04-27T14:27:23,2436
ec256,4,86,0.557084014872089,2026-04-27T14:27:23,2436
ec256,4,87,0.5657500005327165,2026-04-27T14:27:23,2436
ec256,4,88,0.5810830043628812,2026-04-27T14:27:23,2436
ec256,4,89,0.5532499926630408,2026-04-27T14:27:23,2436
ec256,4,90,0.551624980289489,2026-04-27T14:27:23,2436
ec256,4,91,0.5391660088207573,2026-04-27T14:27:23,2436
ec256,4,92,0.557082996238023,2026-04-27T14:27:23,2436
ec256,4,93,0.5491669871844351,2026-04-27T14:27:23,2436
ec256,4,94,0.5786250112578273,2026-04-27T14:27:23,2436
ec256,4,95,0.5436250066850334,2026-04-27T14:27:23,2436
ec256,4,96,0.5567499902099371,2026-04-27T14:27:23,2436
ec256,4,97,0.5593750101979822,2026-04-27T14:27:23,2436
ec256,4,98,0.5588330095633864,2026-04-27T14:27:23,2436
ec256,4,99,0.5562079895753413,2026-04-27T14:27:23,2436
ec256,4,100,0.5522919818758965,2026-04-27T14:27:23,2436
ec384,1,1,1.1902080150321126,2026-04-27T14:27:25,672
ec384,1,2,1.186833018437028,2026-04-27T14:27:25,672
ec384,1,3,1.1834579927381128,2026-04-27T14:27:25,672
ec384,1,4,1.1558749829418957,2026-04-27T14:27:25,672
ec384,1,5,1.0917920153588057,2026-04-27T14:27:25,672
ec384,1,6,1.2442920124158263,2026-04-27T14:27:25,672
ec384,1,7,1.170875009847805,2026-04-27T14:27:25,672
ec384,1,8,1.1211250093765557,2026-04-27T14:27:25,672
ec384,1,9,1.0622499976307154,2026-04-27T14:27:25,672
ec384,1,10,1.060457987478003,2026-04-27T14:27:25,672
ec384,1,11,1.0846669902093709,2026-04-27T14:27:25,672
ec384,1,12,1.0418750171083957,2026-04-27T14:27:25,672
ec384,1,13,1.0202910052612424,2026-04-27T14:27:25,672
ec384,1,14,0.9946670033968985,2026-04-27T14:27:25,672
ec384,1,15,1.0232499917037785,2026-04-27T14:27:25,672
ec384,1,16,1.015665999148041,2026-04-27T14:27:25,672
ec384,1,17,1.0162090184167027,2026-04-27T14:27:25,672
ec384,1,18,0.9934169938787818,2026-04-27T14:27:25,672
ec384,1,19,1.058416994055733,2026-04-27T14:27:25,672
ec384,1,20,1.0019170003943145,2026-04-27T14:27:25,672
ec384,1,21,0.9831250063143671,2026-04-27T14:27:25,672
ec384,1,22,0.9767090086825192,2026-04-27T14:27:25,672
ec384,1,23,0.9494580153841525,2026-04-27T14:27:25,672
ec384,1,24,0.968958978774026,2026-04-27T14:27:25,672
ec384,1,25,0.9441250003874302,2026-04-27T14:27:25,672
ec384,1,26,0.9365839941892773,2026-04-27T14:27:25,672
ec384,1,27,0.9580829937476665,2026-04-27T14:27:25,672
ec384,1,28,0.9205420210491866,2026-04-27T14:27:25,672
ec384,1,29,0.9236669866368175,2026-04-27T14:27:25,672
ec384,1,30,0.9180000051856041,2026-04-27T14:27:25,672
ec384,1,31,0.9051669912878424,2026-04-27T14:27:25,672
ec384,1,32,0.9033340029418468,2026-04-27T14:27:25,672
ec384,1,33,1.0414579883217812,2026-04-27T14:27:25,672
ec384,1,34,0.9684170072432607,2026-04-27T14:27:25,672
ec384,1,35,0.9260000078938901,2026-04-27T14:27:25,672
ec384,1,36,0.91608299408108,2026-04-27T14:27:25,672
ec384,1,37,0.9077909926418215,2026-04-27T14:27:25,672
ec384,1,38,0.9209589916281402,2026-04-27T14:27:25,672
ec384,1,39,0.902750005479902,2026-04-27T14:27:25,672
ec384,1,40,0.9117909939959645,2026-04-27T14:27:25,672
ec384,1,41,0.8573340019211173,2026-04-27T14:27:25,672
ec384,1,42,0.8394590113312006,2026-04-27T14:27:25,672
ec384,1,43,0.8395839831791818,2026-04-27T14:27:25,672
ec384,1,44,0.8832089952193201,2026-04-27T14:27:25,672
ec384,1,45,0.8572080114390701,2026-04-27T14:27:25,672
ec384,1,46,0.8722500060684979,2026-04-27T14:27:25,672
ec384,1,47,0.9047079947777092,2026-04-27T14:27:25,672
ec384,1,48,0.8792909793555737,2026-04-27T14:27:25,672
ec384,1,49,0.8515829977113754,2026-04-27T14:27:25,672
ec384,1,50,0.8503749850206077,2026-04-27T14:27:25,672
ec384,1,51,0.8738330216147006,2026-04-27T14:27:25,672
ec384,1,52,0.8401670202147216,2026-04-27T14:27:25,672
ec384,1,53,0.8418330107815564,2026-04-27T14:27:25,672
ec384,1,54,0.8367919945158064,2026-04-27T14:27:25,672
ec384,1,55,0.8764170052018017,2026-04-27T14:27:25,672
ec384,1,56,0.8717080054339021,2026-04-27T14:27:25,672
ec384,1,57,0.8462920086458325,2026-04-27T14:27:25,672
ec384,1,58,0.8350840071216226,2026-04-27T14:27:25,672
ec384,1,59,0.8318340114783496,2026-04-27T14:27:25,672
ec384,1,60,0.8243339834734797,2026-04-27T14:27:25,672
ec384,1,61,0.8628749928902835,2026-04-27T14:27:25,672
ec384,1,62,0.8344590023625642,2026-04-27T14:27:25,672
ec384,1,63,1.0712500079534948,2026-04-27T14:27:25,672
ec384,1,64,0.9158749890048057,2026-04-27T14:27:25,672
ec384,1,65,0.8644589979667217,2026-04-27T14:27:25,672
ec384,1,66,0.8565410098526627,2026-04-27T14:27:25,672
ec384,1,67,0.8746669918764383,2026-04-27T14:27:25,672
ec384,1,68,0.869790994329378,2026-04-27T14:27:25,672
ec384,1,69,0.8416659838985652,2026-04-27T14:27:25,672
ec384,1,70,0.8181250013876706,2026-04-27T14:27:25,672
ec384,1,71,0.8461250108666718,2026-04-27T14:27:25,672
ec384,1,72,0.8582080190535635,2026-04-27T14:27:25,672
ec384,1,73,0.8376249752473086,2026-04-27T14:27:25,672
ec384,1,74,0.8463749836664647,2026-04-27T14:27:25,672
ec384,1,75,0.840124994283542,2026-04-27T14:27:25,672
ec384,1,76,0.8367499976884574,2026-04-27T14:27:25,672
ec384,1,77,0.8461249817628413,2026-04-27T14:27:25,672
ec384,1,78,1.049375016009435,2026-04-27T14:27:25,672
ec384,1,79,0.8593749953433871,2026-04-27T14:27:25,672
ec384,1,80,0.8443749975413084,2026-04-27T14:27:25,672
ec384,1,81,0.8373750024475157,2026-04-27T14:27:25,672
ec384,1,82,0.8316250168718398,2026-04-27T14:27:25,672
ec384,1,83,0.8333330042660236,2026-04-27T14:27:25,672
ec384,1,84,0.861792010255158,2026-04-27T14:27:25,672
ec384,1,85,0.816916988696903,2026-04-27T14:27:25,672
ec384,1,86,0.881375017343089,2026-04-27T14:27:25,672
ec384,1,87,0.837209023302421,2026-04-27T14:27:25,672
ec384,1,88,0.8375839970540255,2026-04-27T14:27:25,672
ec384,1,89,0.8242499898187816,2026-04-27T14:27:25,672
ec384,1,90,0.8747920219320804,2026-04-27T14:27:25,672
ec384,1,91,0.8178749994840473,2026-04-27T14:27:25,672
ec384,1,92,0.8339579799212515,2026-04-27T14:27:25,672
ec384,1,93,0.8767500112298876,2026-04-27T14:27:25,672
ec384,1,94,0.8650000090710819,2026-04-27T14:27:25,672
ec384,1,95,0.8449580054730177,2026-04-27T14:27:25,672
ec384,1,96,0.8914589998312294,2026-04-27T14:27:25,672
ec384,1,97,1.0295830143149942,2026-04-27T14:27:25,672
ec384,1,98,0.8373750024475157,2026-04-27T14:27:25,672
ec384,1,99,0.8383750100620091,2026-04-27T14:27:25,672
ec384,1,100,0.8390830189455301,2026-04-27T14:27:25,672
ec384,2,1,1.365750009426847,2026-04-27T14:27:27,1372
ec384,2,2,1.3390420062933117,2026-04-27T14:27:27,1372
ec384,2,3,1.358833018457517,2026-04-27T14:27:27,1372
ec384,2,4,1.3321670121513307,2026-04-27T14:27:27,1372
ec384,2,5,1.2799589894711971,2026-04-27T14:27:27,1372
ec384,2,6,1.2944999907631427,2026-04-27T14:27:27,1372
ec384,2,7,1.2748749868478626,2026-04-27T14:27:27,1372
ec384,2,8,1.2860000133514404,2026-04-27T14:27:27,1372
ec384,2,9,1.2879999994765967,2026-04-27T14:27:27,1372
ec384,2,10,1.2268339924048632,2026-04-27T14:27:27,1372
ec384,2,11,1.236042007803917,2026-04-27T14:27:27,1372
ec384,2,12,1.2294579937588423,2026-04-27T14:27:27,1372
ec384,2,13,1.3588329893536866,2026-04-27T14:27:27,1372
ec384,2,14,1.152208016719669,2026-04-27T14:27:27,1372
ec384,2,15,1.1664170015137643,2026-04-27T14:27:27,1372
ec384,2,16,1.1562499857973307,2026-04-27T14:27:27,1372
ec384,2,17,1.211458002217114,2026-04-27T14:27:27,1372
ec384,2,18,1.1564169835764915,2026-04-27T14:27:27,1372
ec384,2,19,1.1227090144529939,2026-04-27T14:27:27,1372
ec384,2,20,1.1145419848617166,2026-04-27T14:27:27,1372
ec384,2,21,1.1362079821992666,2026-04-27T14:27:27,1372
ec384,2,22,1.1588330089580268,2026-04-27T14:27:27,1372
ec384,2,23,1.1121660063508898,2026-04-27T14:27:27,1372
ec384,2,24,1.105375005863607,2026-04-27T14:27:27,1372
ec384,2,25,1.2959580053575337,2026-04-27T14:27:27,1372
ec384,2,26,1.1500419932417572,2026-04-27T14:27:27,1372
ec384,2,27,1.1227080249227583,2026-04-27T14:27:27,1372
ec384,2,28,1.0783339967019856,2026-04-27T14:27:27,1372
ec384,2,29,1.0813339904416353,2026-04-27T14:27:27,1372
ec384,2,30,1.0178750089835376,2026-04-27T14:27:27,1372
ec384,2,31,2.572833007434383,2026-04-27T14:27:27,1372
ec384,2,32,1.702707988442853,2026-04-27T14:27:27,1372
ec384,2,33,1.0542089876253158,2026-04-27T14:27:27,1372
ec384,2,34,1.0500000207684934,2026-04-27T14:27:27,1372
ec384,2,35,1.073541003279388,2026-04-27T14:27:27,1372
ec384,2,36,1.2050419754814357,2026-04-27T14:27:27,1372
ec384,2,37,1.091334008378908,2026-04-27T14:27:27,1372
ec384,2,38,1.0492090077605098,2026-04-27T14:27:27,1372
ec384,2,39,1.0882499918807298,2026-04-27T14:27:27,1372
ec384,2,40,1.1208749783691019,2026-04-27T14:27:27,1372
ec384,2,41,1.065249991370365,2026-04-27T14:27:27,1372
ec384,2,42,1.033040985930711,2026-04-27T14:27:27,1372
ec384,2,43,1.0760830191429704,2026-04-27T14:27:27,1372
ec384,2,44,1.075041014701128,2026-04-27T14:27:27,1372
ec384,2,45,1.0597909858915955,2026-04-27T14:27:27,1372
ec384,2,46,1.0556660126894712,2026-04-27T14:27:27,1372
ec384,2,47,1.0627919982653111,2026-04-27T14:27:27,1372
ec384,2,48,1.2488750217016786,2026-04-27T14:27:27,1372
ec384,2,49,1.0341669840272516,2026-04-27T14:27:27,1372
ec384,2,50,1.0487920080777258,2026-04-27T14:27:27,1372
ec384,2,51,1.0502089862711728,2026-04-27T14:27:27,1372
ec384,2,52,1.067084027454257,2026-04-27T14:27:27,1372
ec384,2,53,1.079749985365197,2026-04-27T14:27:27,1372
ec384,2,54,1.0381669853813946,2026-04-27T14:27:27,1372
ec384,2,55,1.0676250094547868,2026-04-27T14:27:27,1372
ec384,2,56,1.1044999992009252,2026-04-27T14:27:27,1372
ec384,2,57,1.0606659925542772,2026-04-27T14:27:27,1372
ec384,2,58,1.052166015142575,2026-04-27T14:27:27,1372
ec384,2,59,1.0596670035738498,2026-04-27T14:27:27,1372
ec384,2,60,1.0532920132391155,2026-04-27T14:27:27,1372
ec384,2,61,1.2421660067047924,2026-04-27T14:27:27,1372
ec384,2,62,1.0902500071097165,2026-04-27T14:27:27,1372
ec384,2,63,1.0526670084800571,2026-04-27T14:27:27,1372
ec384,2,64,1.0487080144230276,2026-04-27T14:27:27,1372
ec384,2,65,1.1030829919036478,2026-04-27T14:27:27,1372
ec384,2,66,1.0633750061970204,2026-04-27T14:27:27,1372
ec384,2,67,1.0482079815119505,2026-04-27T14:27:27,1372
ec384,2,68,1.0893750004470348,2026-04-27T14:27:27,1372
ec384,2,69,1.054791995557025,2026-04-27T14:27:27,1372
ec384,2,70,1.0617079969961196,2026-04-27T14:27:27,1372
ec384,2,71,1.075374981155619,2026-04-27T14:27:27,1372
ec384,2,72,1.0540420189499855,2026-04-27T14:27:27,1372
ec384,2,73,1.0794169793371111,2026-04-27T14:27:27,1372
ec384,2,74,1.1049169988837093,2026-04-27T14:27:27,1372
ec384,2,75,1.0403749765828252,2026-04-27T14:27:27,1372
ec384,2,76,1.0712920047808439,2026-04-27T14:27:27,1372
ec384,2,77,1.0628750023897737,2026-04-27T14:27:27,1372
ec384,2,78,1.1082920245826244,2026-04-27T14:27:27,1372
ec384,2,79,1.0815839923452586,2026-04-27T14:27:27,1372
ec384,2,80,1.1077089875470847,2026-04-27T14:27:27,1372
ec384,2,81,1.0553750034887344,2026-04-27T14:27:27,1372
ec384,2,82,1.0721659928094596,2026-04-27T14:27:27,1372
ec384,2,83,1.1027499858755618,2026-04-27T14:27:27,1372
ec384,2,84,1.0540000221226364,2026-04-27T14:27:27,1372
ec384,2,85,1.063500007148832,2026-04-27T14:27:27,1372
ec384,2,86,1.22562499018386,2026-04-27T14:27:27,1372
ec384,2,87,1.1045419960282743,2026-04-27T14:27:27,1372
ec384,2,88,1.0492500150576234,2026-04-27T14:27:27,1372
ec384,2,89,1.0592920007184148,2026-04-27T14:27:27,1372
ec384,2,90,1.0632909834384918,2026-04-27T14:27:27,1372
ec384,2,91,1.0650000185705721,2026-04-27T14:27:27,1372
ec384,2,92,1.105041999835521,2026-04-27T14:27:27,1372
ec384,2,93,1.0783750039990991,2026-04-27T14:27:27,1372
ec384,2,94,1.0547920246608555,2026-04-27T14:27:27,1372
ec384,2,95,1.1370409920345992,2026-04-27T14:27:27,1372
ec384,2,96,1.085833995603025,2026-04-27T14:27:27,1372
ec384,2,97,1.123499998357147,2026-04-27T14:27:27,1372
ec384,2,98,1.10658400808461,2026-04-27T14:27:27,1372
ec384,2,99,1.2611249985639006,2026-04-27T14:27:27,1372
ec384,2,100,1.0864159849006683,2026-04-27T14:27:27,1372
ec384,3,1,1.666875003138557,2026-04-27T14:27:29,2068
ec384,3,2,1.5982500044628978,2026-04-27T14:27:29,2068
ec384,3,3,1.5892499941401184,2026-04-27T14:27:29,2068
ec384,3,4,1.6178330115508288,2026-04-27T14:27:29,2068
ec384,3,5,1.57125000259839,2026-04-27T14:27:29,2068
ec384,3,6,1.5704170218668878,2026-04-27T14:27:29,2068
ec384,3,7,1.5915829862933606,2026-04-27T14:27:29,2068
ec384,3,8,1.5411250060424209,2026-04-27T14:27:29,2068
ec384,3,9,1.502500002970919,2026-04-27T14:27:29,2068
ec384,3,10,1.5008329937700182,2026-04-27T14:27:29,2068
ec384,3,11,1.439499988919124,2026-04-27T14:27:29,2068
ec384,3,12,1.4153749798424542,2026-04-27T14:27:29,2068
ec384,3,13,1.3963330129627138,2026-04-27T14:27:29,2068
ec384,3,14,1.464083994505927,2026-04-27T14:27:29,2068
ec384,3,15,1.4664170157629997,2026-04-27T14:27:29,2068
ec384,3,16,1.4100839907769114,2026-04-27T14:27:29,2068
ec384,3,17,1.432582997949794,2026-04-27T14:27:29,2068
ec384,3,18,1.3918750046286732,2026-04-27T14:27:29,2068
ec384,3,19,1.3821249885950238,2026-04-27T14:27:29,2068
ec384,3,20,1.366041979053989,2026-04-27T14:27:29,2068
ec384,3,21,1.396457984810695,2026-04-27T14:27:29,2068
ec384,3,22,1.38562498614192,2026-04-27T14:27:29,2068
ec384,3,23,1.3658750103786588,2026-04-27T14:27:29,2068
ec384,3,24,1.3281660212669522,2026-04-27T14:27:29,2068
ec384,3,25,1.350458012893796,2026-04-27T14:27:29,2068
ec384,3,26,1.258875010535121,2026-04-27T14:27:29,2068
ec384,3,27,1.269083993975073,2026-04-27T14:27:29,2068
ec384,3,28,1.25275002210401,2026-04-27T14:27:29,2068
ec384,3,29,1.3386660139076412,2026-04-27T14:27:29,2068
ec384,3,30,1.275124988751486,2026-04-27T14:27:29,2068
ec384,3,31,1.257374999113381,2026-04-27T14:27:29,2068
ec384,3,32,1.244459010194987,2026-04-27T14:27:29,2068
ec384,3,33,1.3168750156182796,2026-04-27T14:27:29,2068
ec384,3,34,1.272624998819083,2026-04-27T14:27:29,2068
ec384,3,35,1.2547920050565153,2026-04-27T14:27:29,2068
ec384,3,36,1.4424159890040755,2026-04-27T14:27:29,2068
ec384,3,37,1.3065829989500344,2026-04-27T14:27:29,2068
ec384,3,38,1.2697499769274145,2026-04-27T14:27:29,2068
ec384,3,39,1.2600829941220582,2026-04-27T14:27:29,2068
ec384,3,40,1.2869159982074052,2026-04-27T14:27:29,2068
ec384,3,41,1.2656250037252903,2026-04-27T14:27:29,2068
ec384,3,42,1.25591698451899,2026-04-27T14:27:29,2068
ec384,3,43,1.2441249855328351,2026-04-27T14:27:29,2068
ec384,3,44,1.28674998995848,2026-04-27T14:27:29,2068
ec384,3,45,1.2684579996857792,2026-04-27T14:27:29,2068
ec384,3,46,1.2486250197980553,2026-04-27T14:27:29,2068
ec384,3,47,3.959791996749118,2026-04-27T14:27:29,2068
ec384,3,48,1.4944589929655194,2026-04-27T14:27:29,2068
ec384,3,49,5.229000002145767,2026-04-27T14:27:29,2068
ec384,3,50,3.2675420225132257,2026-04-27T14:27:29,2068
ec384,3,51,2.3143749858718365,2026-04-27T14:27:29,2068
ec384,3,52,4.9189999990630895,2026-04-27T14:27:29,2068
ec384,3,53,1.3972499873489141,2026-04-27T14:27:29,2068
ec384,3,54,1.4389580173883587,2026-04-27T14:27:29,2068
ec384,3,55,4.093625000678003,2026-04-27T14:27:29,2068
ec384,3,56,1.493791991379112,2026-04-27T14:27:29,2068
ec384,3,57,1.263916987227276,2026-04-27T14:27:29,2068
ec384,3,58,1.2480830191634595,2026-04-27T14:27:29,2068
ec384,3,59,1.2710420123767108,2026-04-27T14:27:29,2068
ec384,3,60,1.3273750082589686,2026-04-27T14:27:29,2068
ec384,3,61,1.2797079980373383,2026-04-27T14:27:29,2068
ec384,3,62,1.2419999984558672,2026-04-27T14:27:29,2068
ec384,3,63,1.2558330199681222,2026-04-27T14:27:29,2068
ec384,3,64,1.2838339898735285,2026-04-27T14:27:29,2068
ec384,3,65,1.2633750156965107,2026-04-27T14:27:29,2068
ec384,3,66,1.4437090139836073,2026-04-27T14:27:29,2068
ec384,3,67,1.2458749988581985,2026-04-27T14:27:29,2068
ec384,3,68,1.2731250026263297,2026-04-27T14:27:29,2068
ec384,3,69,1.2660410138778389,2026-04-27T14:27:29,2068
ec384,3,70,1.2742080143652856,2026-04-27T14:27:29,2068
ec384,3,71,1.2972500117029995,2026-04-27T14:27:29,2068
ec384,3,72,1.2970000097993761,2026-04-27T14:27:29,2068
ec384,3,73,1.2911250232718885,2026-04-27T14:27:29,2068
ec384,3,74,1.2792090128641576,2026-04-27T14:27:29,2068
ec384,3,75,1.32620899239555,2026-04-27T14:27:29,2068
ec384,3,76,1.3435829896479845,2026-04-27T14:27:29,2068
ec384,3,77,1.2868749909102917,2026-04-27T14:27:29,2068
ec384,3,78,1.3244160218164325,2026-04-27T14:27:29,2068
ec384,3,79,1.317458983976394,2026-04-27T14:27:29,2068
ec384,3,80,1.2801249977201223,2026-04-27T14:27:29,2068
ec384,3,81,1.2630000128410757,2026-04-27T14:27:29,2068
ec384,3,82,1.3085420068819076,2026-04-27T14:27:29,2068
ec384,3,83,1.2984579952899367,2026-04-27T14:27:29,2068
ec384,3,84,1.266125007532537,2026-04-27T14:27:29,2068
ec384,3,85,1.285959006054327,2026-04-27T14:27:30,2068
ec384,3,86,1.3603749976027757,2026-04-27T14:27:30,2068
ec384,3,87,1.3850829855073243,2026-04-27T14:27:30,2068
ec384,3,88,1.2610840203706175,2026-04-27T14:27:30,2068
ec384,3,89,1.2819170078728348,2026-04-27T14:27:30,2068
ec384,3,90,1.2759999954141676,2026-04-27T14:27:30,2068
ec384,3,91,1.291792024858296,2026-04-27T14:27:30,2068
ec384,3,92,1.2928330106660724,2026-04-27T14:27:30,2068
ec384,3,93,1.3505840033758432,2026-04-27T14:27:30,2068
ec384,3,94,1.2727910070680082,2026-04-27T14:27:30,2068
ec384,3,95,1.26041701878421,2026-04-27T14:27:30,2068
ec384,3,96,1.2593339779414237,2026-04-27T14:27:30,2068
ec384,3,97,1.305584009969607,2026-04-27T14:27:30,2068
ec384,3,98,1.3802079774904996,2026-04-27T14:27:30,2068
ec384,3,99,1.2757079966831952,2026-04-27T14:27:30,2068
ec384,3,100,1.2834589870180935,2026-04-27T14:27:30,2068
ec384,4,1,1.7976249800994992,2026-04-27T14:27:32,2764
ec384,4,2,1.7408749845344573,2026-04-27T14:27:32,2764
ec384,4,3,1.731916010612622,2026-04-27T14:27:32,2764
ec384,4,4,1.8005419988185167,2026-04-27T14:27:32,2764
ec384,4,5,1.8217920151073486,2026-04-27T14:27:32,2764
ec384,4,6,1.773999974830076,2026-04-27T14:27:32,2764
ec384,4,7,1.7740409821271896,2026-04-27T14:27:32,2764
ec384,4,8,1.6766670159995556,2026-04-27T14:27:32,2764
ec384,4,9,1.64433300960809,2026-04-27T14:27:32,2764
ec384,4,10,1.704542024526745,2026-04-27T14:27:32,2764
ec384,4,11,1.6854999994393438,2026-04-27T14:27:32,2764
ec384,4,12,1.6823750047478825,2026-04-27T14:27:32,2764
ec384,4,13,1.6985829861368984,2026-04-27T14:27:32,2764
ec384,4,14,1.6111669829115272,2026-04-27T14:27:32,2764
ec384,4,15,1.6080000204965472,2026-04-27T14:27:32,2764
ec384,4,16,1.5869170019868761,2026-04-27T14:27:32,2764
ec384,4,17,1.5956249844748527,2026-04-27T14:27:32,2764
ec384,4,18,1.5986250073183328,2026-04-27T14:27:32,2764
ec384,4,19,1.5100419986993074,2026-04-27T14:27:32,2764
ec384,4,20,1.6027500096242875,2026-04-27T14:27:32,2764
ec384,4,21,1.6268339823000133,2026-04-27T14:27:32,2764
ec384,4,22,1.5236249892041087,2026-04-27T14:27:32,2764
ec384,4,23,1.5381249831989408,2026-04-27T14:27:32,2764
ec384,4,24,1.490250026108697,2026-04-27T14:27:32,2764
ec384,4,25,1.476459001423791,2026-04-27T14:27:32,2764
ec384,4,26,1.5011659997981042,2026-04-27T14:27:32,2764
ec384,4,27,1.4831250009592623,2026-04-27T14:27:32,2764
ec384,4,28,1.4877080102451146,2026-04-27T14:27:32,2764
ec384,4,29,1.4880830131005496,2026-04-27T14:27:32,2764
ec384,4,30,1.6593750042375177,2026-04-27T14:27:32,2764
ec384,4,31,1.506166998296976,2026-04-27T14:27:32,2764
ec384,4,32,1.5160829934757203,2026-04-27T14:27:32,2764
ec384,4,33,1.4812079898547381,2026-04-27T14:27:32,2764
ec384,4,34,1.506125001469627,2026-04-27T14:27:32,2764
ec384,4,35,1.5448330086655915,2026-04-27T14:27:32,2764
ec384,4,36,1.4986669993959367,2026-04-27T14:27:32,2764
ec384,4,37,1.4972920180298388,2026-04-27T14:27:32,2764
ec384,4,38,1.5498329885303974,2026-04-27T14:27:32,2764
ec384,4,39,1.6549170250073075,2026-04-27T14:27:32,2764
ec384,4,40,1.4736670127604157,2026-04-27T14:27:32,2764
ec384,4,41,1.531417015939951,2026-04-27T14:27:32,2764
ec384,4,42,1.5234580205287784,2026-04-27T14:27:32,2764
ec384,4,43,1.4907919976394624,2026-04-27T14:27:32,2764
ec384,4,44,1.4464170089922845,2026-04-27T14:27:32,2764
ec384,4,45,1.5578329912386835,2026-04-27T14:27:32,2764
ec384,4,46,1.476750010624528,2026-04-27T14:27:32,2764
ec384,4,47,1.4713749988004565,2026-04-27T14:27:32,2764
ec384,4,48,1.511457987362519,2026-04-27T14:27:32,2764
ec384,4,49,1.7134999798145145,2026-04-27T14:27:32,2764
ec384,4,50,1.496375014539808,2026-04-27T14:27:32,2764
ec384,4,51,1.4759589976165444,2026-04-27T14:27:32,2764
ec384,4,52,1.5652920119464397,2026-04-27T14:27:32,2764
ec384,4,53,1.5134160057641566,2026-04-27T14:27:32,2764
ec384,4,54,1.4745829976163805,2026-04-27T14:27:32,2764
ec384,4,55,1.4492500049527735,2026-04-27T14:27:32,2764
ec384,4,56,1.5041249862406403,2026-04-27T14:27:32,2764
ec384,4,57,1.4871250023134053,2026-04-27T14:27:32,2764
ec384,4,58,1.63162499666214,2026-04-27T14:27:32,2764
ec384,4,59,1.4880829839967191,2026-04-27T14:27:32,2764
ec384,4,60,1.5539169835392386,2026-04-27T14:27:32,2764
ec384,4,61,1.5416250098496675,2026-04-27T14:27:32,2764
ec384,4,62,1.5164159995038062,2026-04-27T14:27:32,2764
ec384,4,63,1.4830409782007337,2026-04-27T14:27:32,2764
ec384,4,64,1.5352089831139892,2026-04-27T14:27:32,2764
ec384,4,65,1.4850840088911355,2026-04-27T14:27:32,2764
ec384,4,66,1.5141670010052621,2026-04-27T14:27:32,2764
ec384,4,67,1.5157909947447479,2026-04-27T14:27:32,2764
ec384,4,68,1.7121249984484166,2026-04-27T14:27:32,2764
ec384,4,69,1.5042920131236315,2026-04-27T14:27:32,2764
ec384,4,70,1.4709999959450215,2026-04-27T14:27:32,2764
ec384,4,71,1.4679160085506737,2026-04-27T14:27:32,2764
ec384,4,72,1.5723749820608646,2026-04-27T14:27:32,2764
ec384,4,73,1.54116700286977,2026-04-27T14:27:32,2764
ec384,4,74,1.4907919976394624,2026-04-27T14:27:32,2764
ec384,4,75,1.5040420112200081,2026-04-27T14:27:32,2764
ec384,4,76,1.4468749868683517,2026-04-27T14:27:32,2764
ec384,4,77,1.6684590082149953,2026-04-27T14:27:32,2764
ec384,4,78,1.4594589883927256,2026-04-27T14:27:32,2764
ec384,4,79,1.5301670064218342,2026-04-27T14:27:32,2764
ec384,4,80,1.5134999994188547,2026-04-27T14:27:32,2764
ec384,4,81,1.4916249783709645,2026-04-27T14:27:32,2764
ec384,4,82,1.5011670184321702,2026-04-27T14:27:32,2764
ec384,4,83,1.4818749914411455,2026-04-27T14:27:32,2764
ec384,4,84,1.4993330114521086,2026-04-27T14:27:32,2764
ec384,4,85,1.4951670018490404,2026-04-27T14:27:32,2764
ec384,4,86,1.5070000081323087,2026-04-27T14:27:32,2764
ec384,4,87,1.638499990804121,2026-04-27T14:27:32,2764
ec384,4,88,1.5140829782467335,2026-04-27T14:27:32,2764
ec384,4,89,1.517666009021923,2026-04-27T14:27:32,2764
ec384,4,90,1.5341249818447977,2026-04-27T14:27:32,2764
ec384,4,91,1.5140000032261014,2026-04-27T14:27:32,2764
ec384,4,92,1.5490829828195274,2026-04-27T14:27:32,2764
ec384,4,93,1.5131670224945992,2026-04-27T14:27:32,2764
ec384,4,94,1.508957997430116,2026-04-27T14:27:32,2764
ec384,4,95,1.4828330022282898,2026-04-27T14:27:32,2764
ec384,4,96,1.6572920139878988,2026-04-27T14:27:32,2764
ec384,4,97,1.4878750080242753,2026-04-27T14:27:32,2764
ec384,4,98,1.5457499830517918,2026-04-27T14:27:32,2764
ec384,4,99,1.5235829923767596,2026-04-27T14:27:32,2764
ec384,4,100,1.5182500064838678,2026-04-27T14:27:32,2764
